日付S,場所,Ｒ,クラス,枠番,馬番,馬名,年齢,単オッズ,人気,騎手,所属,調教師,馬主,芝ダ,距離
2026.6.21,函館,1,未勝利,1,1, ソルトアイリス,3,6.4,3,舟山瑠泉,(栗),四位洋文,杉浦敏夫,芝,1200
2026.6.21,函館,1,未勝利,1,2, キミノナハオリョウ,3,45.3,12,国分恭介,(栗),千田輝彦,浦野和由,芝,1200
2026.6.21,函館,1,未勝利,2,3, バレンタインビスタ,3,3.5,1,武豊,(美),蛯名正義,中村伊三美,芝,1200
2026.6.21,函館,1,未勝利,2,4, スワトウ,3,12.2,6,小沢大仁,(栗),牧田和弥,吉田照哉,芝,1200
2026.6.21,函館,1,未勝利,3,5, エビスディアーナ,3,118.4,15,古川奈穂,(美),加藤征弘,加藤晃央,芝,1200
2026.6.21,函館,1,未勝利,3,6, クリーンブーケ,3,14.9,9,吉田隼人,(栗),荒川義之,石橋和夫,芝,1200
2026.6.21,函館,1,未勝利,4,7, ルージュフローラ,3,11.2,5,古川吉洋,(美),森一誠,東京ホースレーシング,芝,1200
2026.6.21,函館,1,未勝利,4,8, ファインコンダクト,3,10.6,4,横山武史,(美),久保田貴,窪田芳郎,芝,1200
2026.6.21,函館,1,未勝利,5,9, エコロアビス,3,13.4,7,丹内祐次,(栗),牧浦充徳,原村正紀,芝,1200
2026.6.21,函館,1,未勝利,5,10, スプリングドリーム,3,14.8,8,佐々木大,(美),加藤士津,野村茂雄,芝,1200
2026.6.21,函館,1,未勝利,6,11, ハルヒメ,3,4.7,2,長浜鴻緒,(美),矢嶋大樹,大島有志生,芝,1200
2026.6.21,函館,1,未勝利,6,12, ノーブルマドンナ,3,173.4,16,和田陽希,(栗),藤野健太,伊藤昭文,芝,1200
2026.6.21,函館,1,未勝利,7,13, トリアングルレディ,3,43.7,11,岩田康誠,(美),尾関知人,ターフ・スポート,芝,1200
2026.6.21,函館,1,未勝利,7,14, ミレニアルピンク,3,68.4,14,斎藤新,(栗),安田翔伍,金子真人ホールディングス,芝,1200
2026.6.21,函館,1,未勝利,8,15, ブリリアンブルーム,3,27.4,10,小林美駒,(栗),西村真幸,宮崎俊也,芝,1200
2026.6.21,函館,1,未勝利,8,16, チャーミングアイ,3,63.9,13,大久保友,(美),菊川正達,丸岡啓一,芝,1200
2026.6.21,函館,2,未勝利,1,1, ハイドパーク,3,8.4,5,国分恭介,(栗),田中克典,ヒダカ・ブリーダーズ・ユニオン,ダ,2400
2026.6.21,函館,2,未勝利,2,2, ポップアップ,3,8.8,6,佐々木大,(栗),寺島良,石川達絵,ダ,2400
2026.6.21,函館,2,未勝利,3,3, ウインモンクール,3,6.2,4,丹内祐次,(栗),新谷功一,ウイン,ダ,2400
2026.6.21,函館,2,未勝利,4,4, キヨタリート,3,4.3,2,舟山瑠泉,(栗),小崎憲,キヨタケ牧場,ダ,2400
2026.6.21,函館,2,未勝利,5,5, ラヴィニアパーク,3,5.1,3,岩田康誠,(美),大竹正博,キャロットファーム,ダ,2400
2026.6.21,函館,2,未勝利,6,6, マーゴットデウス,3,32.7,9,小沢大仁,(栗),今野貞一,前田良平,ダ,2400
2026.6.21,函館,2,未勝利,6,7, テンカフブ,3,54.5,10,川又賢治,(栗),吉村圭司,岡浩二,ダ,2400
2026.6.21,函館,2,未勝利,7,8, ロードステラート,3,3.5,1,横山武史,(栗),武英智,ロードホースクラブ,ダ,2400
2026.6.21,函館,2,未勝利,7,9, ジャストグレース,3,29.0,8,古川吉洋,(栗),大根田裕,宮川純造,ダ,2400
2026.6.21,函館,2,未勝利,8,10, トーセンアミューズ,3,58.0,11,長浜鴻緒,(美),加藤征弘,島川隆哉,ダ,2400
2026.6.21,函館,2,未勝利,8,11, フクチャンブラック,3,18.5,7,松本大輝,(栗),高橋康之,福盛訓之,ダ,2400
2026.6.21,函館,3,未勝利,1,1, ステキサプライズ,3,36.7,8,長浜鴻緒,(美),粕谷昌央,小田切統二,ダ,1000
2026.6.21,函館,3,未勝利,2,2, ユーベルジーク,3,27.8,7,河原田菜,(美),辻哲英,ノルマンディーサラブレッドレーシング,ダ,1000
2026.6.21,函館,3,未勝利,3,3,*エコロデュラン,3,36.7,9,古川奈穂,(栗),矢作芳人,原村正紀,ダ,1000
2026.6.21,函館,3,未勝利,4,4, マーマレードスカイ,3,3.3,2,佐々木大,(美),堀内岳志,吉田千津,ダ,1000
2026.6.21,函館,3,未勝利,5,5, ソパデアホ,3,78.1,12,岩田康誠,(美),小島茂之,丸山担,ダ,1000
2026.6.21,函館,3,未勝利,5,6, シェイプオブユー,3,8.0,4,川又賢治,(栗),吉村圭司,坂東牧場,ダ,1000
2026.6.21,函館,3,未勝利,6,7, カッサンドラ,3,41.7,10,横山琉人,(栗),高橋義忠,加藤徹,ダ,1000
2026.6.21,函館,3,未勝利,6,8, コウユーネロガ,3,12.0,5,小林美駒,(美),秋本大介,加治屋貞光,ダ,1000
2026.6.21,函館,3,未勝利,7,9, ライトオブジアース,3,18.9,6,丹内祐次,(栗),松永幹夫,社台レースホース,ダ,1000
2026.6.21,函館,3,未勝利,7,10, ワイドアルバ,3,73.4,11,古川吉洋,(栗),藤野健太,幅田京子,ダ,1000
2026.6.21,函館,3,未勝利,8,11, ラブデウザ,3,7.1,3,遠藤汰月,(美),加藤和宏,オールラブクラブ,ダ,1000
2026.6.21,函館,3,未勝利,8,12, グレイトソン,3,2.4,1,和田陽希,(栗),鈴木孝志,宮内牧場,ダ,1000
2026.6.21,函館,4,未勝利,1,1, ベアサナエチャン,3,6.6,3,横山武史,(美),杉浦宏昭,熊木浩,芝,1800
2026.6.21,函館,4,未勝利,1,2, ワダツミ,3,79.1,15,川又賢治,(栗),笹田和秀,岡浩二,芝,1800
2026.6.21,函館,4,未勝利,2,3, コスモクラシック,3,13.1,9,和田陽希,(美),嘉藤貴行,ブルースターズファーム,芝,1800
2026.6.21,函館,4,未勝利,2,4, エイシンインアウト,3,11.8,6,横山琉人,(栗),中尾秀正,栄進堂,芝,1800
2026.6.21,函館,4,未勝利,3,5, チリンドリ,3,42.7,12,古川吉洋,(栗),昆貢,安原浩司,芝,1800
2026.6.21,函館,4,未勝利,3,6, コンティ,3,12.4,8,佐々木大,(美),黒岩陽一,長谷川祐司,芝,1800
2026.6.21,函館,4,未勝利,4,7, トルークマクト,3,17.3,11,松本大輝,(栗),福永祐一,協栄,芝,1800
2026.6.21,函館,4,未勝利,4,8, パンキー,3,11.9,7,斎藤新,(栗),茶木太樹,水谷昌晃,芝,1800
2026.6.21,函館,4,未勝利,5,9, ヘクセンハウス,3,16.3,10,国分恭介,(栗),吉田直弘,サラブレッドクラブ・ラフィアン,芝,1800
2026.6.21,函館,4,未勝利,5,10, マイネルディザイア,3,50.8,13,長浜鴻緒,(美),室井潔,サラブレッドクラブ・ラフィアン,芝,1800
2026.6.21,函館,4,未勝利,6,11, ヒシナスキロ,3,6.1,1,丹内祐次,(美),堀宣行,"Hishi Partners",芝,1800
2026.6.21,函館,4,未勝利,6,12, アーデルブリックス,3,6.3,2,舟山瑠泉,(栗),坂口智康,シルクレーシング,芝,1800
2026.6.21,函館,4,未勝利,7,13, グランフルス,3,50.8,14,岩田康誠,(美),矢野英一,森岡大河,芝,1800
2026.6.21,函館,4,未勝利,7,14, レジーナレガリア,3,8.0,5,小沢大仁,(栗),石坂公一,キャロットファーム,芝,1800
2026.6.21,函館,4,未勝利,8,15, デルマノリクラ,3,164.4,16,遠藤汰月,(美),勢司和浩,浅沼廣幸,芝,1800
2026.6.21,函館,4,未勝利,8,16, コワンニシタガウ,3,7.6,4,武豊,(栗),庄野靖志,幅田京子,芝,1800
2026.6.21,函館,5,新馬,1,1, フェリチタ,2,10.7,3,佐々木大,(栗),鈴木孝志,カナヤマホールディングス,芝,1200
2026.6.21,函館,5,新馬,2,2, ラストモーメント,2,28.1,8,古川吉洋,(栗),北出成人,フジワラ・ファーム,芝,1200
2026.6.21,函館,5,新馬,3,3, コックニー,2,2.1,1,横山武史,(美),田中剛,ゴドルフィン,芝,1200
2026.6.21,函館,5,新馬,4,4, レインボースター,2,12.0,4,舟山瑠泉,(栗),加藤公太,伊藤泰子,芝,1200
2026.6.21,函館,5,新馬,5,5, ゴートゥービッツン,2,61.3,10,遠藤汰月,(美),伊藤伸一,山下恒善,芝,1200
2026.6.21,函館,5,新馬,6,6, キチロクタワー,2,30.2,9,長浜鴻緒,(美),松永康利,山本正美,芝,1200
2026.6.21,函館,5,新馬,7,7, リアルジャパン,2,12.8,5,和田陽希,(栗),大橋勇樹,水谷光太郎,芝,1200
2026.6.21,函館,5,新馬,7,8,$クリアストライク,2,2.9,2,小沢大仁,(栗),田中克典,シルクレーシング,芝,1200
2026.6.21,函館,5,新馬,8,9, トーセンルルド,2,24.3,7,横山琉人,(美),杉浦宏昭,島川隆哉,芝,1200
2026.6.21,函館,5,新馬,8,10, ブレイヴアーサー,2,18.4,6,丹内祐次,(美),奥平雅士,フィールドレーシング,芝,1200
2026.6.21,函館,6,未勝利,1,1, ビナハイバン,3,12.7,7,横山琉人,(栗),中尾秀正,井之口二三雄,ダ,1700
2026.6.21,函館,6,未勝利,2,2, メイショウセンドウ,3,7.4,4,吉田隼人,(栗),飯田祐史,松本好隆,ダ,1700
2026.6.21,函館,6,未勝利,3,3, ライヴマルガリータ,3,41.3,12,長浜鴻緒,(美),牧光二,澤田孝之,ダ,1700
2026.6.21,函館,6,未勝利,4,4, モロノカガヤキ,3,6.6,3,丹内祐次,(美),林徹,諸岡勲,ダ,1700
2026.6.21,函館,6,未勝利,4,5,*チャーチルデュース,3,4.7,1,武豊,(栗),松永幹夫,キーファーズ,ダ,1700
2026.6.21,函館,6,未勝利,5,6, ウインカトリーヌ,3,5.1,2,岩田康誠,(栗),西園翔太,ウイン,ダ,1700
2026.6.21,函館,6,未勝利,5,7, シュヴェスター,3,9.2,6,舟山瑠泉,(栗),高橋亮,"GET NEXT",ダ,1700
2026.6.21,函館,6,未勝利,6,8, カタフラクト,3,14.1,8,小沢大仁,(美),加藤士津,ライオンレースホース,ダ,1700
2026.6.21,函館,6,未勝利,6,9, メイショウライガ,3,22.8,10,河原田菜,(栗),藤原英昭,松本好隆,ダ,1700
2026.6.21,函館,6,未勝利,7,10,$ゴンフィンガー,3,25.9,11,佐々木大,(栗),中内田充,藤田晋,ダ,1700
2026.6.21,函館,6,未勝利,7,11, ヘヴンリーサイン,3,66.5,13,黛弘人,(美),深山雅史,岡田牧雄,ダ,1700
2026.6.21,函館,6,未勝利,8,12,$アメリカンダンス,3,7.8,5,小林美駒,(栗),藤岡健一,吉澤ホールディングス,ダ,1700
2026.6.21,函館,6,未勝利,8,13,$ガダニーニ,3,19.6,9,横山武史,(美),西田雄一,吉田和美,ダ,1700
2026.6.21,函館,7,1勝,1,1, グランテレーズ,5,11.3,5,小沢大仁,(栗),渡辺薫彦,シルクレーシング,芝,1200
2026.6.21,函館,7,1勝,2,2, アイムインディ,3,3.4,2,武豊,(美),蛯名正義,山本又一郎,芝,1200
2026.6.21,函館,7,1勝,3,3, スプリングデイ,5,34.6,10,古川奈穂,(美),伊藤大士,ミルファーム,芝,1200
2026.6.21,函館,7,1勝,4,4, ダブルチャレンジ,3,24.5,8,吉田隼人,(美),深山雅史,由井健太郎,芝,1200
2026.6.21,函館,7,1勝,5,5, ジュジュドール,3,75.2,11,長浜鴻緒,(栗),西園翔太,フォレストレーシング,芝,1200
2026.6.21,函館,7,1勝,6,6, ツルノマイハシ,3,19.1,6,佐々木大,(美),杉浦宏昭,小林善一,芝,1200
2026.6.21,函館,7,1勝,6,7, マナボニート,3,3.2,1,丹内祐次,(栗),北出成人,松本俊廣,芝,1200
2026.6.21,函館,7,1勝,7,8, アルバニー,5,34.0,9,舟山瑠泉,(栗),千田輝彦,長谷川祐司,芝,1200
2026.6.21,函館,7,1勝,7,9, ファニーバニー,3,4.6,3,横山武史,(栗),杉山佳明,谷崎森吾,芝,1200
2026.6.21,函館,7,1勝,8,10, ナンナンプー,4,7.3,4,岩田康誠,(美),水野貴広,友水達也,芝,1200
2026.6.21,函館,7,1勝,8,11, ヴェガリア,3,22.7,7,斎藤新,(美),栗田徹,"GET NEXT",芝,1200
2026.6.21,函館,8,1勝,1,1, アッシュバーグ,5,20.2,9,横山琉人,(美),高橋文雅,下河辺隆行,ダ,1700
2026.6.21,函館,8,1勝,2,2, ホウオウバローロ,5,13.7,7,舟山瑠泉,(栗),前川恭子,小笹芳央,ダ,1700
2026.6.21,函館,8,1勝,3,3, テイクオンミー,3,13.3,6,丹内祐次,(美),水野貴広,野村茂雄,ダ,1700
2026.6.21,函館,8,1勝,4,4, パーティーガール,4,57.8,12,遠藤汰月,(美),伊藤伸一,田頭勇貴,ダ,1700
2026.6.21,函館,8,1勝,5,5, アスクガンバーレ,4,5.2,2,岩田康誠,(栗),福永祐一,廣崎利洋HD,ダ,1700
2026.6.21,函館,8,1勝,5,6, ディースプレマシー,4,19.7,8,古川吉洋,(美),牧光二,ヒダカ・ブリーダーズ・ユニオン,ダ,1700
2026.6.21,函館,8,1勝,6,7, シーズザスローン,3,2.2,1,武豊,(栗),松永幹夫,前田幸貴,ダ,1700
2026.6.21,函館,8,1勝,6,8, アラクラン,3,9.4,3,小林美駒,(美),田村康仁,シルクレーシング,ダ,1700
2026.6.21,函館,8,1勝,7,9, ナクライト,4,10.8,5,横山武史,(美),手塚貴徳,インゼルレーシング,ダ,1700
2026.6.21,函館,8,1勝,7,10, ライフイズ,3,41.9,10,和田陽希,(美),鈴木慎太,石川秀守,ダ,1700
2026.6.21,函館,8,1勝,8,11, フェニーチェドーロ,4,10.0,4,荻野琢真,(栗),宮本博,下河辺隆行,ダ,1700
2026.6.21,函館,8,1勝,8,12, イサギ,3,46.5,11,小沢大仁,(栗),小椋研介,村木慎吾,ダ,1700
2026.6.21,函館,9,1勝,1,1, ドマーネ,4,17.6,9,国分恭介,(栗),辻野泰之,小林英一ホールディングス,芝,2000
2026.6.21,函館,9,1勝,2,2, タイムレスキス,3,3.3,1,武豊,(栗),吉村圭司,サンデーレーシング,芝,2000
2026.6.21,函館,9,1勝,3,3, アルディスティーノ,4,17.1,8,横山琉人,(栗),安田翔伍,社台レースホース,芝,2000
2026.6.21,函館,9,1勝,4,4, レダアトミカ,3,6.1,3,舟山瑠泉,(美),上原佑紀,キャロットファーム,芝,2000
2026.6.21,函館,9,1勝,5,5, メリザンド,4,14.2,7,杉原誠人,(美),小手川準,シルクレーシング,芝,2000
2026.6.21,函館,9,1勝,5,6, クリスレジーナ,3,4.9,2,斎藤新,(栗),高野友和,ターフ・スポート,芝,2000
2026.6.21,函館,9,1勝,6,7, アストリル,3,12.8,6,丹内祐次,(美),鈴木慎太,辻子依旦,芝,2000
2026.6.21,函館,9,1勝,6,8, リリーズブルーム,5,41.0,11,原田和真,(美),松山将樹,YGGホースクラブ,芝,2000
2026.6.21,函館,9,1勝,7,9, モルビド,4,8.3,5,小沢大仁,(栗),中内田充,社台レースホース,芝,2000
2026.6.21,函館,9,1勝,7,10, ソングオブザバード,3,8.0,4,横山武史,(栗),佐藤悠太,三田昌宏,芝,2000
2026.6.21,函館,9,1勝,8,11, ルージュカエラ,5,94.4,12,吉田隼人,(美),古賀慎明,東京ホースレーシング,芝,2000
2026.6.21,函館,9,1勝,8,12, エイカイコバチ,3,20.0,10,佐々木大,(栗),藤原英昭,二木英実,芝,2000
2026.6.21,函館,10,2勝,1,1, ギマール,5,20.2,4,国分恭介,(栗),岡田稲男,カナヤマホールディングス,ダ,1700
2026.6.21,函館,10,2勝,2,2, レッドライトニング,5,7.1,2,長浜鴻緒,(美),浅利英明,東京ホースレーシング,ダ,1700
2026.6.21,函館,10,2勝,3,3, ジュンラトゥール,5,32.4,6,佐々木大,(栗),浜田多実,河合純二,ダ,1700
2026.6.21,函館,10,2勝,4,4, タイヨウフレア,4,33.1,7,古川吉洋,(美),杉浦宏昭,小林善一,ダ,1700
2026.6.21,函館,10,2勝,5,5, クリノキングマン,5,28.7,5,松本大輝,(栗),高橋康之,栗本依利子,ダ,1700
2026.6.21,函館,10,2勝,6,6, チャーリー,3,1.1,1,岩田康誠,(美),奥村武,嶋田一成,ダ,1700
2026.6.21,函館,10,2勝,7,7, ラマンシュ,4,45.5,9,斎藤新,(栗),杉山佳明,谷掛龍夫,ダ,1700
2026.6.21,函館,10,2勝,8,8, アールプロスト,4,38.6,8,小沢大仁,(美),伊藤大士,前原敏行,ダ,1700
2026.6.21,函館,10,2勝,8,9, ライフゲート,4,14.8,3,丹内祐次,(美),伊藤圭三,斉藤三寛,ダ,1700
2026.6.21,函館,11,3勝,1,1, トールキン,6,32.5,12,鷲頭虎太,(栗),橋田宜長,吉田勝己,芝,1200
2026.6.21,函館,11,3勝,2,2, メルトユアハート,5,13.5,7,横山琉人,(栗),長谷川浩,ロードホースクラブ,芝,1200
2026.6.21,函館,11,3勝,2,3, エヴァンスウィート,5,9.0,5,吉田隼人,(栗),友道康夫,佐々木主浩,芝,1200
2026.6.21,函館,11,3勝,3,4, パクスロマーナ,6,31.8,11,杉原誠人,(栗),加藤公太,酒井孝敏,芝,1200
2026.6.21,函館,11,3勝,3,5, スティールブルー,5,16.8,9,古川吉洋,(美),田中勝春,シルクレーシング,芝,1200
2026.6.21,函館,11,3勝,4,6, シカゴスティング,5,4.4,1,武豊,(栗),庄野靖志,辻川弘,芝,1200
2026.6.21,函館,11,3勝,4,7, ダークエクリプス,7,43.2,14,荻野琢真,(栗),今野貞一,矢野秀春,芝,1200
2026.6.21,函館,11,3勝,5,8, サムハンター,8,48.3,15,松本大輝,(栗),高橋康之,駒秀,芝,1200
2026.6.21,函館,11,3勝,5,9, ルーフ,6,41.1,13,佐々木大,(栗),清水久詞,白日光,芝,1200
2026.6.21,函館,11,3勝,6,10,$エコロジーク,4,18.8,10,岩田康誠,(栗),森秀行,原村正紀,芝,1200
2026.6.21,函館,11,3勝,6,11, ヴェサリウス,5,8.0,3,横山武史,(美),菊沢隆徳,福盛訓之,芝,1200
2026.6.21,函館,11,3勝,7,12, ドゥアムール,4,5.6,2,斎藤新,(栗),中竹和也,前田葉子,芝,1200
2026.6.21,函館,11,3勝,7,13, アシャカタカ,6,9.5,6,小林美駒,(美),鈴木伸尋,吉冨学,芝,1200
2026.6.21,函館,11,3勝,8,14, アスティスプマンテ,5,13.9,8,舟山瑠泉,(栗),佐藤悠太,吉田勝己,芝,1200
2026.6.21,函館,11,3勝,8,15, ゴールドサーベル,5,8.4,4,小沢大仁,(栗),大久保龍,インゼルレーシング,芝,1200
2026.6.21,函館,12,1勝,1,1, タイキルッジェーロ,3,5.1,2,斎藤新,(栗),高野友和,大樹ファーム,芝,1800
2026.6.21,函館,12,1勝,2,2, コッツォリーノ,3,2.9,1,佐々木大,(美),池上昌和,ラ・メール,芝,1800
2026.6.21,函館,12,1勝,3,3, ウインベラーノ,4,7.7,5,舟山瑠泉,(栗),宮徹,ウイン,芝,1800
2026.6.21,函館,12,1勝,4,4, ポタリング,4,28.4,9,遠藤汰月,(美),武藤善則,高橋文男,芝,1800
2026.6.21,函館,12,1勝,5,5, マイネルモメンタム,5,6.7,4,横山琉人,(美),相沢郁,サラブレッドクラブ・ラフィアン,芝,1800
2026.6.21,函館,12,1勝,6,6, グレーヌドジョワ,3,22.0,7,荻野琢真,(栗),今野貞一,グリーンファーム,芝,1800
2026.6.21,函館,12,1勝,7,7, マイバラード,6,31.5,10,長浜鴻緒,(美),松永康利,ビッグレッドファーム,芝,1800
2026.6.21,函館,12,1勝,7,8, スタードメイソン,4,27.8,8,和田陽希,(栗),加藤公太,社台レースホース,芝,1800
2026.6.21,函館,12,1勝,8,9, ナイスプレーアスク,3,9.8,6,丹内祐次,(美),田村康仁,廣崎利洋HD,芝,1800
2026.6.21,函館,12,1勝,8,10, ネッタイヤライ,3,5.1,3,古川奈穂,(栗),矢作芳人,犬塚悠治郎,芝,1800
2026.6.21,東京,1,未勝利,1,1, キャプテンシー,5,18.4,7,中村将之,(栗),松永幹夫,サンデーレーシング,ダ,3000
2026.6.21,東京,1,未勝利,2,2, セイウンパシュート,6,4.6,1,五十嵐雄,(美),上原博之,西山茂行,ダ,3000
2026.6.21,東京,1,未勝利,3,3, グランジョルノ,4,7.1,5,伴啓太,(美),高柳瑞樹,キャロットファーム,ダ,3000
2026.6.21,東京,1,未勝利,3,4, テーオーレガシー,6,16.9,6,小牧加矢,(栗),宮徹,小笹公也,ダ,3000
2026.6.21,東京,1,未勝利,4,5, メイショウカゼマチ,6,27.4,10,黒岩悠,(栗),角田晃一,松本好隆,ダ,3000
2026.6.21,東京,1,未勝利,4,6, ヒロピアーナ,6,73.0,14,土田真翔,(美),石栗龍彦,石川博,ダ,3000
2026.6.21,東京,1,未勝利,5,7, アップストローク,7,63.1,13,草野太郎,(美),杉浦宏昭,吉田照哉,ダ,3000
2026.6.21,東京,1,未勝利,5,8, ブライトマン,5,5.8,4,大江原圭,(美),蛯名正義,前田幸貴,ダ,3000
2026.6.21,東京,1,未勝利,6,9, ダスク,6,5.1,3,難波剛健,(栗),宮本博,吉澤ホールディングス,ダ,3000
2026.6.21,東京,1,未勝利,6,10, プレミアブルー,4,33.3,12,金子光希,(美),菊川正達,蕭敬意,ダ,3000
2026.6.21,東京,1,未勝利,7,11, ゴールデンステップ,5,5.0,2,上野翔,(美),和田勇介,岡田牧雄,ダ,3000
2026.6.21,東京,1,未勝利,7,12, アルシミスト,5,24.5,9,坂口智康,(美),浅利英明,キャロットファーム,ダ,3000
2026.6.21,東京,1,未勝利,8,13, デスティネ,9,28.7,11,江田勇亮,(美),萱野浩二,馬目勇,ダ,3000
2026.6.21,東京,1,未勝利,8,14, ジャクソン,6,20.2,8,小林凌大,(美),武市康男,薪浦亨,ダ,3000
2026.6.21,東京,2,未勝利,1,1, シャトーベスト,3,37.5,9,谷原柚希,(美),蛯名利弘,円城幸男,ダ,1600
2026.6.21,東京,2,未勝利,1,2,$ダノンマスタング,3,2.6,1,ルメール,(美),田中博康,ダノックス,ダ,1600
2026.6.21,東京,2,未勝利,2,3, ライトアファイア,3,21.8,7,菊沢一樹,(美),伊藤圭三,ゴドルフィン,ダ,1600
2026.6.21,東京,2,未勝利,2,4,$フィオリータ,3,85.6,15,三浦皇成,(美),大竹正博,前田幸貴,ダ,1600
2026.6.21,東京,2,未勝利,3,5, ファインブライト,3,39.7,10,原優介,(美),佐藤吉勝,片山博志,ダ,1600
2026.6.21,東京,2,未勝利,3,6, モロノラピド,3,75.8,12,丸山元気,(美),田中勝春,諸岡勲,ダ,1600
2026.6.21,東京,2,未勝利,4,7, ブルージンジャー,3,22.5,8,ゴンサル,(美),矢嶋大樹,吉田和美,ダ,1600
2026.6.21,東京,2,未勝利,4,8, アクアマーズ,3,5.1,2,荻野極,(美),浅利英明,シルクレーシング,ダ,1600
2026.6.21,東京,2,未勝利,5,9, キーチジャステン,3,45.1,11,西村淳也,(美),千葉直人,山本益臣,ダ,1600
2026.6.21,東京,2,未勝利,5,10, パチクリベスクリ,3,77.6,13,石神深道,(美),清水英克,河本尚吾,ダ,1600
2026.6.21,東京,2,未勝利,6,11, モンスターラッシュ,3,5.2,3,石川裕紀,(美),高木登,サンデーレーシング,ダ,1600
2026.6.21,東京,2,未勝利,6,12, デルマシラカミ,3,81.4,14,上里直汰,(美),小野次郎,浅沼廣幸,ダ,1600
2026.6.21,東京,2,未勝利,7,13,$ラッキーモア,3,14.7,5,戸崎圭太,(美),尾関知人,張月勝,ダ,1600
2026.6.21,東京,2,未勝利,7,14, ニットウライズ,3,111.3,16,吉田豊,(美),高橋文雅,日東牧場,ダ,1600
2026.6.21,東京,2,未勝利,8,15, カフェタンガロア,3,15.2,6,小林脩斗,(美),嘉藤貴行,西川光一,ダ,1600
2026.6.21,東京,2,未勝利,8,16, ファイアリービート,3,7.5,4,大野拓弥,(美),鈴木慎太,ゴドルフィン,ダ,1600
2026.6.21,東京,3,未勝利,1,1, ツウカイウォリアー,3,68.1,15,小林脩斗,(美),鈴木慎太,木村直樹,ダ,2100
2026.6.21,東京,3,未勝利,1,2, ウォーレーションズ,3,6.3,3,菊沢一樹,(美),鈴木慎太,フクキタル,ダ,2100
2026.6.21,東京,3,未勝利,2,3, ザンテソーロ,3,5.4,2,荻野極,(美),畠山吉宏,了徳寺健二ホールディングス,ダ,2100
2026.6.21,東京,3,未勝利,2,4, クリムゾンリーフ,3,3.2,1,ゴンサル,(美),加藤士津,飯田貴大,ダ,2100
2026.6.21,東京,3,未勝利,3,5, ユイノサダハル,3,18.7,8,江田照男,(美),古賀慎明,由井健太郎,ダ,2100
2026.6.21,東京,3,未勝利,3,6, ネイティヴプライド,3,23.6,9,三浦皇成,(美),高木登,山田弘,ダ,2100
2026.6.21,東京,3,未勝利,4,7, アスパラゴ,3,64.9,14,西塚洸二,(美),田村康仁,村島聡乃,ダ,2100
2026.6.21,東京,3,未勝利,4,8, マイネルシュラハト,3,17.2,6,柴田大知,(美),畠山吉宏,サラブレッドクラブ・ラフィアン,ダ,2100
2026.6.21,東京,3,未勝利,5,9, フォンドルレール,3,6.4,4,吉田豊,(美),戸田博文,G1レーシング,ダ,2100
2026.6.21,東京,3,未勝利,5,10, ヤマメナイト,3,87.3,16,野中悠太,(美),田島俊明,越村哲男,ダ,2100
2026.6.21,東京,3,未勝利,6,11, コスモラムバック,3,31.7,11,武藤雅,(美),水野貴広,ビッグレッドファーム,ダ,2100
2026.6.21,東京,3,未勝利,6,12, ロードリュイール,3,28.8,10,原優介,(美),田中博康,ロードホースクラブ,ダ,2100
2026.6.21,東京,3,未勝利,7,13, ウインガネーシャ,3,11.1,5,木幡巧也,(美),高木登,ウイン,ダ,2100
2026.6.21,東京,3,未勝利,7,14, レイランディ,3,17.6,7,石神深道,(美),古賀慎明,グリーンファーム,ダ,2100
2026.6.21,東京,3,未勝利,8,15, エオリアンリッジ,3,42.3,12,丸田恭介,(美),尾関知人,ライオンレースホース,ダ,2100
2026.6.21,東京,3,未勝利,8,16, キョウエイアート,3,50.8,13,石田拓郎,(美),萱野浩二,田中晴夫,ダ,2100
2026.6.21,東京,4,新馬,1,1, シュートザワークス,2,5.9,3,津村明秀,(美),千葉直人,G1レーシング,芝,1400
2026.6.21,東京,4,新馬,2,2, アラータス,2,27.5,8,丸田恭介,(美),秋本大介,中山栄一,芝,1400
2026.6.21,東京,4,新馬,3,3, シャンパンアワー,2,19.0,6,戸崎圭太,(美),田中剛,青山洋一,芝,1400
2026.6.21,東京,4,新馬,4,4, クラウンフラッグ,2,45.3,10,木幡巧也,(美),中川公成,高篠憲一,芝,1400
2026.6.21,東京,4,新馬,5,5, エムアイブレイズ,2,17.7,5,原優介,(美),青木孝文,岩崎充利,芝,1400
2026.6.21,東京,4,新馬,6,6, タクティシアン,2,1.8,1,ルメール,(美),森一誠,シルクレーシング,芝,1400
2026.6.21,東京,4,新馬,7,7, ミエルモーサ,2,4.7,2,西村淳也,(栗),松下武士,サンデーレーシング,芝,1400
2026.6.21,東京,4,新馬,7,8, シーズザチャンス,2,20.4,7,ゴンサル,(美),大和田成,田中純一,芝,1400
2026.6.21,東京,4,新馬,8,9, イサチルサリーレ,2,13.1,4,木幡初也,(美),竹内正洋,小坂功,芝,1400
2026.6.21,東京,4,新馬,8,10, コールドスリープ,2,30.6,9,菊沢一樹,(美),深山雅史,由井健太郎,芝,1400
2026.6.21,東京,5,新馬,1,1, トーセンマスラオ,2,46.5,10,菊沢一樹,(美),菊沢隆徳,島川隆哉,芝,1800
2026.6.21,東京,5,新馬,2,2, フルーツバスケット,2,30.3,9,吉田豊,(栗),前川恭子,鈴木剛史,芝,1800
2026.6.21,東京,5,新馬,3,3, ホウオウビリーヴ,2,15.2,6,戸崎圭太,(美),木村哲也,小笹芳央,芝,1800
2026.6.21,東京,5,新馬,4,4, ノドゥス,2,7.6,4,横山典弘,(美),斎藤誠,スリーエイチレーシング,芝,1800
2026.6.21,東京,5,新馬,4,5, キャピタルストーン,2,28.4,8,大野拓弥,(美),久保田貴,宇田豊,芝,1800
2026.6.21,東京,5,新馬,5,6, コスモシグナス,2,62.9,12,石川裕紀,(美),水野貴広,ビッグレッドファーム,芝,1800
2026.6.21,東京,5,新馬,5,7, レイデアルマス,2,5.9,2,西村淳也,(栗),杉山佳明,サンデーレーシング,芝,1800
2026.6.21,東京,5,新馬,6,8, アヴィアトーレ,2,19.5,7,ゴンサル,(美),田島俊明,社台レースホース,芝,1800
2026.6.21,東京,5,新馬,6,9, ラガリーガ,2,2.1,1,ルメール,(美),手塚貴久,キャロットファーム,芝,1800
2026.6.21,東京,5,新馬,7,10, ニシノツムジカゼ,2,89.1,13,野中悠太,(美),西田雄一,西山茂行,芝,1800
2026.6.21,東京,5,新馬,7,11, マイネルアルディ,2,52.9,11,石神深道,(美),菊川正達,サラブレッドクラブ・ラフィアン,芝,1800
2026.6.21,東京,5,新馬,8,12, マイネルリコルディ,2,6.5,3,原優介,(美),青木孝文,サラブレッドクラブ・ラフィアン,芝,1800
2026.6.21,東京,5,新馬,8,13, ダノンコレクト,2,12.8,5,荻野極,(美),森一誠,ダノックス,芝,1800
2026.6.21,東京,6,未勝利,1,1, セルリア,3,22.2,10,原優介,(美),大和田成,田中純一,芝,1600
2026.6.21,東京,6,未勝利,1,2, ウインテラジーナ,3,4.8,3,西村淳也,(美),栗田徹,ウイン,芝,1600
2026.6.21,東京,6,未勝利,2,3, ロックユアライフ,3,26.6,11,菊沢一樹,(美),田中博康,NICKS,芝,1600
2026.6.21,東京,6,未勝利,2,4, サイモンナイスラン,3,36.5,12,木幡育也,(美),勢司和浩,澤田昭紀,芝,1600
2026.6.21,東京,6,未勝利,3,5, ブラーヴジャン,3,19.2,5,ゴンサル,(美),和田勇介,吉田智,芝,1600
2026.6.21,東京,6,未勝利,3,6, ヴィクトリーマンボ,3,64.7,14,菅原隆一,(美),大竹正博,中村昭博,芝,1600
2026.6.21,東京,6,未勝利,4,7, フィレルレーヴ,3,68.6,15,吉田豊,(美),竹内正洋,古川一弘,芝,1600
2026.6.21,東京,6,未勝利,4,8, ダノンアスコルティ,3,3.7,1,ルメール,(美),大竹正博,ダノックス,芝,1600
2026.6.21,東京,6,未勝利,5,9, ニシノカルラ,3,53.9,13,野中悠太,(美),和田勇介,西山茂行,芝,1600
2026.6.21,東京,6,未勝利,5,10, ヘクトルテソーロ,3,21.9,9,木幡巧也,(美),畠山吉宏,了徳寺健二ホールディングス,芝,1600
2026.6.21,東京,6,未勝利,6,11, エヴァンスベイ,3,21.7,8,戸崎圭太,(美),宮田敬介,社台レースホース,芝,1600
2026.6.21,東京,6,未勝利,6,12, スカイリッチ,3,9.5,4,荻野極,(美),小笠倫弘,宇田豊,芝,1600
2026.6.21,東京,6,未勝利,7,13, ジーティーヒラリ,3,80.9,16,上里直汰,(美),加藤和宏,田畑利彦,芝,1600
2026.6.21,東京,6,未勝利,7,14, ウインドオブヘヴン,3,21.5,7,松岡正海,(美),戸田博文,DMMドリームクラブ,芝,1600
2026.6.21,東京,6,未勝利,8,15, スチールギターラグ,3,19.3,6,三浦皇成,(美),鹿戸雄一,タイヘイ牧場,芝,1600
2026.6.21,東京,6,未勝利,8,16, シャルムグリーン,3,3.8,2,津村明秀,(美),相沢郁,斎藤洋子,芝,1600
2026.6.21,東京,7,1勝,1,1, ローズブーケ,3,16.6,7,津村明秀,(美),鈴木伸尋,ターフ・スポート,ダ,1600
2026.6.21,東京,7,1勝,1,2, ハニーオーケストラ,3,66.5,12,西塚洸二,(美),稲垣幸雄,中村伊三美,ダ,1600
2026.6.21,東京,7,1勝,2,3, ラルガメンテ,4,10.7,4,荻野極,(美),尾関知人,シルクレーシング,ダ,1600
2026.6.21,東京,7,1勝,2,4, カサビセンス,4,71.1,13,木幡巧也,(美),新開幸一,吉田照哉,ダ,1600
2026.6.21,東京,7,1勝,3,5, ヴンダーバール,3,2.6,1,戸崎圭太,(美),斎藤誠,吉田和美,ダ,1600
2026.6.21,東京,7,1勝,3,6, シオンダンサー,3,33.2,11,西村淳也,(栗),斉藤崇史,前迫義幸,ダ,1600
2026.6.21,東京,7,1勝,4,7, テルケンユミクイン,4,31.2,10,菊沢一樹,(美),田島俊明,桑田照夫,ダ,1600
2026.6.21,東京,7,1勝,4,8, ディペンダブル,4,25.5,9,三浦皇成,(美),菊沢隆徳,G1レーシング,ダ,1600
2026.6.21,東京,7,1勝,5,9, ブルーサーマル,3,20.6,8,原優介,(美),池上昌和,ゴドルフィン,ダ,1600
2026.6.21,東京,7,1勝,5,10, ファンシーズ,3,15.6,6,石田拓郎,(美),尾形和幸,ローレルレーシング,ダ,1600
2026.6.21,東京,7,1勝,6,11, クラリネットソナタ,4,13.3,5,ゴンサル,(美),柄崎将寿,社台レースホース,ダ,1600
2026.6.21,東京,7,1勝,6,12, ジュエルハウス,4,76.5,14,丸田恭介,(栗),橋田宜長,大樹ファーム,ダ,1600
2026.6.21,東京,7,1勝,7,13, リケアマカロニ,3,3.5,2,上里直汰,(美),小野次郎,稲場澄,ダ,1600
2026.6.21,東京,7,1勝,7,14, ジューンミレニアム,3,204.0,16,菅原隆一,(美),鈴木慎太,吉川潤,ダ,1600
2026.6.21,東京,7,1勝,8,15, ルージュミレネール,4,92.7,15,石川裕紀,(美),古賀慎明,東京ホースレーシング,ダ,1600
2026.6.21,東京,7,1勝,8,16, エイミームーン,4,10.6,3,佐藤翔馬,(美),矢野英一,高岡浩行,ダ,1600
2026.6.21,東京,8,1勝,1,1, ポッドロルフ,4,63.1,13,三浦皇成,(美),小野次郎,小川眞査雄,芝,1600
2026.6.21,東京,8,1勝,1,2, スワローシチー,4,13.8,6,西村淳也,(美),相沢郁,友駿ホースクラブ,芝,1600
2026.6.21,東京,8,1勝,2,3, ラベルセーヌ,3,2.4,1,荻野極,(美),鹿戸雄一,サンデーレーシング,芝,1600
2026.6.21,東京,8,1勝,2,4,$スターチスブーケ,5,55.9,12,菊沢一樹,(美),田中勝春,ノルマンディーサラブレッドレーシング,芝,1600
2026.6.21,東京,8,1勝,3,5, アトリウムチャペル,5,35.9,11,横山典弘,(美),浅利英明,社台レースホース,芝,1600
2026.6.21,東京,8,1勝,3,6, ライネリーベ,4,7.7,3,ゴンサル,(美),木村哲也,DMMドリームクラブ,芝,1600
2026.6.21,東京,8,1勝,4,7, スマイルカーブ,3,30.1,10,大野拓弥,(美),小手川準,保坂和孝,芝,1600
2026.6.21,東京,8,1勝,4,8, マニス,4,83.3,15,上里直汰,(美),畠山吉宏,ビッグレッドファーム,芝,1600
2026.6.21,東京,8,1勝,5,9, サンデースマッシュ,3,22.5,7,原優介,(美),嘉藤貴行,シルクレーシング,芝,1600
2026.6.21,東京,8,1勝,5,10, タイセイアストロ,3,12.7,5,石川裕紀,(美),森一誠,田中成奉,芝,1600
2026.6.21,東京,8,1勝,6,11, フェーダーローター,3,24.9,9,石神深道,(美),天間昭一,サラブレッドクラブ・ラフィアン,芝,1600
2026.6.21,東京,8,1勝,6,12, モートンアイランド,3,4.9,2,戸崎圭太,(美),手塚貴久,シルクレーシング,芝,1600
2026.6.21,東京,8,1勝,7,13, タイキバルドル,6,71.2,14,石田拓郎,(美),勢司和浩,大樹ファーム,芝,1600
2026.6.21,東京,8,1勝,7,14, マツリダイコ,3,23.1,8,津村明秀,(美),黒岩陽一,吉田千津,芝,1600
2026.6.21,東京,8,1勝,8,15, オルグジェシダ,4,10.8,4,ルメール,(美),宮田敬介,サンデーレーシング,芝,1600
2026.6.21,東京,8,1勝,8,16, パーリーブラック,6,97.9,16,水沼元輝,(美),伊坂重信,吉田勝己,芝,1600
2026.6.21,東京,9,2勝,1,1, ドントゥザムーン,4,19.8,9,木幡巧也,(美),高木登,山田貢一,ダ,1400
2026.6.21,東京,9,2勝,1,2, ポッドドンナー,4,8.9,4,丸山元気,(栗),辻野泰之,小川眞査雄,ダ,1400
2026.6.21,東京,9,2勝,2,3, ワーズワース,8,16.6,7,浜中俊,(栗),高橋一哉,カナヤマホールディングス,ダ,1400
2026.6.21,東京,9,2勝,2,4, シホノペルフェット,4,39.9,14,ゴンサル,(栗),寺島良,村瀬寛紀,ダ,1400
2026.6.21,東京,9,2勝,3,5, モンシェリ,5,38.6,13,松岡正海,(栗),牧田和弥,安原浩司,ダ,1400
2026.6.21,東京,9,2勝,3,6, アクアマリーナ,4,8.8,3,原優介,(美),伊坂重信,ヒダカ・ブリーダーズ・ユニオン,ダ,1400
2026.6.21,東京,9,2勝,4,7, フォースミラクル,4,26.4,11,ルメール,(美),加藤征弘,丸山担,ダ,1400
2026.6.21,東京,9,2勝,4,8,$タカスタカスタカス,3,2.9,1,戸崎圭太,(栗),藤原英昭,高須克彌,ダ,1400
2026.6.21,東京,9,2勝,5,9, マジッククッキー,3,9.7,5,大野拓弥,(美),加藤士津,小田吉男,ダ,1400
2026.6.21,東京,9,2勝,5,10,*ライトオブヌカタ,3,63.2,15,石川裕紀,(栗),上村洋行,辻子依旦,ダ,1400
2026.6.21,東京,9,2勝,6,11, フィドルファドル,4,7.4,2,荻野極,(栗),矢作芳人,キャロットファーム,ダ,1400
2026.6.21,東京,9,2勝,6,12, サザンウォリアー,3,96.6,16,野中悠太,(美),加藤和宏,サザンホールディング,ダ,1400
2026.6.21,東京,9,2勝,7,13, シュレン,4,32.7,12,菊沢一樹,(美),千葉直人,二風谷ファーム,ダ,1400
2026.6.21,東京,9,2勝,7,14, ライジンマル,5,22.3,10,木幡初也,(美),竹内正洋,カカムーチョレーシング,ダ,1400
2026.6.21,東京,9,2勝,8,15, キョウエイカンセ,5,11.2,6,津村明秀,(美),萱野浩二,田中晴夫,ダ,1400
2026.6.21,東京,9,2勝,8,16,$ゴールデンカイト,4,16.6,8,西村淳也,(栗),中内田充,山紫水明,ダ,1400
2026.6.21,東京,10,3勝,1,1, モンシュマン,5,15.3,8,ゴンサル,(美),辻哲英,社台レースホース,芝,1400
2026.6.21,東京,10,3勝,1,2, モンドデラモーレ,4,9.3,3,大野拓弥,(美),千葉直人,吉田和美,芝,1400
2026.6.21,東京,10,3勝,2,3, エフォートレス,5,19.2,9,丸山元気,(美),嘉藤貴行,ライオンレースホース,芝,1400
2026.6.21,東京,10,3勝,2,4, グーテンベルク,4,10.9,7,戸崎圭太,(美),金成貴史,近藤英子,芝,1400
2026.6.21,東京,10,3勝,3,5,$ユハンヌス,6,22.4,10,菊沢一樹,(栗),大久保龍,ゴドルフィン,芝,1400
2026.6.21,東京,10,3勝,3,6, ダノンエンブレム,4,10.0,4,荻野極,(美),宮田敬介,ダノックス,芝,1400
2026.6.21,東京,10,3勝,4,7, サトノヴィレ,6,39.8,14,吉田豊,(美),鹿戸雄一,里見治,芝,1400
2026.6.21,東京,10,3勝,4,8, フライングブレード,6,52.7,15,石橋脩,(栗),飯田祐史,中辻明,芝,1400
2026.6.21,東京,10,3勝,5,9, レッドキングリー,4,4.3,1,ルメール,(美),木村哲也,東京ホースレーシング,芝,1400
2026.6.21,東京,10,3勝,5,10, ラーンザロープス,5,4.4,2,津村明秀,(栗),武幸四郎,吉田照哉,芝,1400
2026.6.21,東京,10,3勝,6,11,$マックアルイーン,4,24.6,11,石川裕紀,(美),木村哲也,キャロットファーム,芝,1400
2026.6.21,東京,10,3勝,6,12, マテンロウブラボー,5,10.7,6,西村淳也,(栗),野中賢二,寺田千代乃,芝,1400
2026.6.21,東京,10,3勝,7,13, セシリエプラージュ,5,36.4,12,西塚洸二,(栗),中村直也,吉田照哉,芝,1400
2026.6.21,東京,10,3勝,7,14, スマイルアップ,7,103.8,16,松岡正海,(美),萱野浩二,馬目勇,芝,1400
2026.6.21,東京,10,3勝,8,15, ウナギノボリ,7,37.2,13,木幡巧也,(美),本間忍,小田切有一,芝,1400
2026.6.21,東京,10,3勝,8,16, ウインオーディン,6,10.2,5,原優介,(美),鹿戸雄一,ウイン,芝,1400
2026.6.21,東京,11,Ｇ３,1,1, マカナ,4,17.0,8,松岡正海,(美),伊藤大士,ニッシンホールディングス,芝,1800
2026.6.21,東京,11,Ｇ３,1,2, ウイントワイライト,4,15.6,7,横山典弘,(栗),西園翔太,ウイン,芝,1800
2026.6.21,東京,11,Ｇ３,2,3, ブラウンラチェット,4,80.4,14,丸山元気,(美),手塚貴久,サンデーレーシング,芝,1800
2026.6.21,東京,11,Ｇ３,2,4, ミアネーロ,5,86.4,15,大野拓弥,(美),林徹,シルクレーシング,芝,1800
2026.6.21,東京,11,Ｇ３,3,5, エストゥペンダ,4,8.0,4,荻野極,(美),高柳瑞樹,"Viridian Keiba Club",芝,1800
2026.6.21,東京,11,Ｇ３,3,6, ヴァルキリーバース,4,3.0,1,ルメール,(美),田中博康,サンデーレーシング,芝,1800
2026.6.21,東京,11,Ｇ３,4,7, セキトバイースト,5,11.6,6,浜中俊,(栗),四位洋文,TNレーシング,芝,1800
2026.6.21,東京,11,Ｇ３,4,8, ニシノティアモ,5,7.1,3,津村明秀,(美),上原佑紀,西山茂行,芝,1800
2026.6.21,東京,11,Ｇ３,5,9, テリオスララ,4,34.1,12,ゴンサル,(美),田島俊明,鈴木美江子,芝,1800
2026.6.21,東京,11,Ｇ３,5,10,$ホールネス,6,27.4,10,三浦皇成,(栗),藤原英昭,ゴドルフィン,芝,1800
2026.6.21,東京,11,Ｇ３,6,11, テレサ,4,29.3,11,戸崎圭太,(栗),杉山晴紀,近藤英子,芝,1800
2026.6.21,東京,11,Ｇ３,6,12, コガネノソラ,5,6.0,2,菊沢一樹,(美),菊沢隆徳,ビッグレッドファーム,芝,1800
2026.6.21,東京,11,Ｇ３,7,13, ビップデイジー,4,50.4,13,西村淳也,(栗),松下武士,鈴木邦英,芝,1800
2026.6.21,東京,11,Ｇ３,7,14, パラディレーヌ,4,21.1,9,原優介,(栗),千田輝彦,岡田牧雄,芝,1800
2026.6.21,東京,11,Ｇ３,8,15, ルージュソリテール,4,11.6,5,西塚洸二,(栗),藤原英昭,東京ホースレーシング,芝,1800
2026.6.21,東京,11,Ｇ３,8,16, セントメモリーズ,5,118.1,16,木幡巧也,(美),松尾卓哉,キャロットファーム,芝,1800
2026.6.21,東京,12,1勝,1,1,$アンティミスト,3,9.4,5,津村明秀,(美),鈴木伸尋,社台レースホース,ダ,1400
2026.6.21,東京,12,1勝,1,2, ディクシーヴォーグ,4,52.8,14,水沼元輝,(美),菊川正達,ウエスト.フォレスト.ステイブル,ダ,1400
2026.6.21,東京,12,1勝,2,3, アイスブレイカー,5,56.1,15,柴田大知,(美),伊藤伸一,ミルファーム,ダ,1400
2026.6.21,東京,12,1勝,2,4, タリスマン,5,64.2,16,伊藤工真,(美),金成貴史,リトルブルーファーム,ダ,1400
2026.6.21,東京,12,1勝,3,5, カンレイスター,3,7.3,3,荻野極,(美),矢野英一,那須野牧場,ダ,1400
2026.6.21,東京,12,1勝,3,6, ツマヤ,5,16.1,8,吉田豊,(美),小野次郎,林秀宣,ダ,1400
2026.6.21,東京,12,1勝,4,7, シャオシンユン,4,49.9,13,原優介,(美),奥村武,奥田貴敏,ダ,1400
2026.6.21,東京,12,1勝,4,8, エフエイト,5,36.6,12,野中悠太,(美),小野次郎,野村一雄,ダ,1400
2026.6.21,東京,12,1勝,5,9, アルプスオジョー,5,24.2,11,石田拓郎,(美),手塚貴徳,ターフ・スポート,ダ,1400
2026.6.21,東京,12,1勝,5,10, スタームーンナイト,3,3.7,1,ゴンサル,(美),中舘英二,中村祐子,ダ,1400
2026.6.21,東京,12,1勝,6,11, ペロ,5,14.8,7,丸山元気,(美),浅利英明,天野克彦,ダ,1400
2026.6.21,東京,12,1勝,6,12, レイズテンペスト,3,10.4,6,西村淳也,(美),中川公成,吉井盛治,ダ,1400
2026.6.21,東京,12,1勝,7,13, タヤスロレンヌ,3,21.1,10,江田照男,(美),岩戸孝樹,横瀬兼二,ダ,1400
2026.6.21,東京,12,1勝,7,14, グランドフォレスト,5,20.9,9,上里直汰,(美),室井潔,プレディクトレーシング,ダ,1400
2026.6.21,東京,12,1勝,8,15, タイキブリッツェン,3,6.2,2,三浦皇成,(美),伊藤圭三,大樹ファーム,ダ,1400
2026.6.21,東京,12,1勝,8,16, ロードトライデント,3,8.2,4,菊沢一樹,(美),千葉直人,ロードホースクラブ,ダ,1400
2026.6.21,阪神,1,未勝利,1,1, メイショウナナユキ,3,2.8,1,菱田裕二,(栗),牧浦充徳,松本好隆,ダ,1400
2026.6.21,阪神,1,未勝利,1,2, ファイナルコマンド,3,21.4,8,森田誠也,(栗),東田明士,DMMドリームクラブ,ダ,1400
2026.6.21,阪神,1,未勝利,2,3, ゴールドアーチ,3,3.2,2,岩田望来,(栗),坂口智康,加藤充彦,ダ,1400
2026.6.21,阪神,1,未勝利,2,4, ムソウテンセイ,3,81.5,16,藤懸貴志,(栗),鈴木孝志,山口敦広,ダ,1400
2026.6.21,阪神,1,未勝利,3,5, ミヤノラングリー,3,17.9,5,太宰啓介,(栗),石橋守,宮副敏明,ダ,1400
2026.6.21,阪神,1,未勝利,3,6, ペコリズム,3,65.8,15,幸英明,(栗),森田直行,林正道,ダ,1400
2026.6.21,阪神,1,未勝利,4,7, アイアン,3,21.0,7,Ｍ．デム,(栗),辻野泰之,石川達絵,ダ,1400
2026.6.21,阪神,1,未勝利,4,8, サクライロマウコロ,3,37.1,10,田山旺佑,(栗),小椋研介,社台レースホース,ダ,1400
2026.6.21,阪神,1,未勝利,5,9, テーオーシーザー,3,54.3,14,秋山稔樹,(栗),宮徹,小笹公也,ダ,1400
2026.6.21,阪神,1,未勝利,5,10, モチモチチャン,3,41.6,12,吉村誠之,(栗),西村真幸,大和屋暁,ダ,1400
2026.6.21,阪神,1,未勝利,6,11, サンライズフリード,3,12.3,4,城戸義政,(栗),小林真也,松岡隆雄,ダ,1400
2026.6.21,阪神,1,未勝利,6,12, ベストレイク,3,8.3,3,小崎綾也,(栗),小崎憲,オールベスト,ダ,1400
2026.6.21,阪神,1,未勝利,7,13, コラカオ,3,38.2,11,北村友一,(栗),坂口智康,吉田和美,ダ,1400
2026.6.21,阪神,1,未勝利,7,14, マイベスティー,3,22.3,9,長岡禎仁,(栗),高橋亮,増田江利子,ダ,1400
2026.6.21,阪神,1,未勝利,8,15, シャンジュマン,3,52.1,13,泉谷楓真,(栗),奥村豊,幅田昌伸,ダ,1400
2026.6.21,阪神,1,未勝利,8,16, オアシスアラン,3,19.9,6,坂井瑠星,(栗),高柳大輔,村上稔,ダ,1400
2026.6.21,阪神,2,未勝利,1,1, バトルセレーネ,3,39.3,15,田口貫太,(栗),吉村圭司,小林英一ホールディングス,芝,1600
2026.6.21,阪神,2,未勝利,1,2, ムーンライトダイヤ,3,8.9,3,秋山稔樹,(栗),河嶋宏樹,ヒダカ・ブリーダーズ・ユニオン,芝,1600
2026.6.21,阪神,2,未勝利,2,3, パノラマステージ,3,80.9,18,国分優作,(栗),牧浦充徳,吉田勝己,芝,1600
2026.6.21,阪神,2,未勝利,2,4, リアライズブルーム,3,13.9,6,田山旺佑,(栗),須貝尚介,今福洋介,芝,1600
2026.6.21,阪神,2,未勝利,3,5, ジーティーメティオ,3,6.3,2,坂井瑠星,(栗),矢作芳人,田畑利彦,芝,1600
2026.6.21,阪神,2,未勝利,3,6, ビタールート,3,16.0,9,北村友一,(栗),奥村豊,シルクレーシング,芝,1600
2026.6.21,阪神,2,未勝利,4,7, ブライトエンジェル,3,9.9,4,角田大和,(栗),角田晃一,前田幸貴,芝,1600
2026.6.21,阪神,2,未勝利,4,8, セルヴァジオ,3,14.1,8,富田暁,(栗),上村洋行,杉山忠国,芝,1600
2026.6.21,阪神,2,未勝利,5,9, オレンジフィールド,3,36.2,13,亀田温心,(栗),北出成人,黒川暁子,芝,1600
2026.6.21,阪神,2,未勝利,5,10, ローズラフィネ,3,17.5,10,小崎綾也,(栗),友道康夫,平井裕,芝,1600
2026.6.21,阪神,2,未勝利,6,11, スリーロンドン,3,27.2,12,池添謙一,(栗),中竹和也,永井商事,芝,1600
2026.6.21,阪神,2,未勝利,6,12, フォルストランキル,3,4.0,1,松山弘平,(栗),池江泰寿,キャロットファーム,芝,1600
2026.6.21,阪神,2,未勝利,7,13, メイショウバルキア,3,39.3,14,太宰啓介,(栗),渡辺薫彦,松本好隆,芝,1600
2026.6.21,阪神,2,未勝利,7,14, ロンポワン,3,21.1,11,松若風馬,(栗),辻野泰之,社台レースホース,芝,1600
2026.6.21,阪神,2,未勝利,7,15, タイセイアビオン,3,76.4,17,藤懸貴志,(栗),浜田多実,田中成奉,芝,1600
2026.6.21,阪神,2,未勝利,8,16, ミスティパープル,3,52.9,16,永島まな,(栗),茶木太樹,キャロットファーム,芝,1600
2026.6.21,阪神,2,未勝利,8,17, スマートティアナ,3,10.6,5,岩田望来,(栗),石橋守,大川徹,芝,1600
2026.6.21,阪神,2,未勝利,8,18, クリスタルタワー,3,14.1,7,今村聖奈,(栗),寺島良,レッドマジック,芝,1600
2026.6.21,阪神,3,未勝利,1,1, ジャスティンゴッホ,3,17.1,6,松山弘平,(栗),茶木太樹,三木正浩,ダ,1800
2026.6.21,阪神,3,未勝利,1,2,$カフラー,3,4.6,3,高杉吏麒,(栗),矢作芳人,広尾レース,ダ,1800
2026.6.21,阪神,3,未勝利,2,3, カフジマリボー,3,48.5,12,永島まな,(栗),中竹和也,加藤千豊,ダ,1800
2026.6.21,阪神,3,未勝利,2,4, ピースビート,3,78.3,14,菱田裕二,(栗),中村直也,林正道,ダ,1800
2026.6.21,阪神,3,未勝利,3,5,$マイカラー,3,6.1,4,酒井学,(栗),吉岡辰弥,山口裕介,ダ,1800
2026.6.21,阪神,3,未勝利,3,6, タイキジュビリー,3,30.8,9,国分優作,(栗),辻野泰之,大樹ファーム,ダ,1800
2026.6.21,阪神,3,未勝利,4,7, アングランパ,3,17.7,7,幸英明,(栗),田中克典,前田晋二,ダ,1800
2026.6.21,阪神,3,未勝利,4,8, ハオカノア,3,46.3,11,小崎綾也,(栗),小崎憲,山住俊晃,ダ,1800
2026.6.21,阪神,3,未勝利,5,9, ギフテッドスペック,3,33.9,10,秋山稔樹,(栗),小椋研介,京都ホースレーシング,ダ,1800
2026.6.21,阪神,3,未勝利,5,10, キタノシリウス,3,97.0,16,中井裕二,(栗),坂口智康,北所直人,ダ,1800
2026.6.21,阪神,3,未勝利,6,11, ウルトラハート,3,4.3,1,角田大和,(栗),中尾秀正,中野義一,ダ,1800
2026.6.21,阪神,3,未勝利,6,12, ゴルトミュンツェ,3,72.7,13,亀田温心,(栗),高柳大輔,田畑憲士,ダ,1800
2026.6.21,阪神,3,未勝利,7,13, ハナコトバ,3,4.5,2,今村聖奈,(栗),寺島良,飛野牧場,ダ,1800
2026.6.21,阪神,3,未勝利,7,14, ワンダーシャッフル,3,21.2,8,太宰啓介,(栗),渡辺薫彦,山本能成,ダ,1800
2026.6.21,阪神,3,未勝利,8,15, ボーントゥウォリア,3,8.7,5,岩田望来,(栗),奥村豊,ターフ・スポート,ダ,1800
2026.6.21,阪神,3,未勝利,8,16, ニミッツハイウェイ,3,97.0,15,柴田裕一,(栗),梅田智之,社台レースホース,ダ,1800
2026.6.21,阪神,4,未勝利,1,1, レーヴドリュヌ,3,3.5,1,松若風馬,(栗),宮本博,ターフ・スポート,芝,2400
2026.6.21,阪神,4,未勝利,1,2, ルクスディグニティ,3,21.4,9,横山和生,(栗),昆貢,ルクス,芝,2400
2026.6.21,阪神,4,未勝利,2,3, トライアンドエラー,3,17.8,7,田山旺佑,(栗),加藤公太,酒井孝敏,芝,2400
2026.6.21,阪神,4,未勝利,2,4, レッドフレーザー,3,22.6,11,坂井瑠星,(栗),矢作芳人,東京ホースレーシング,芝,2400
2026.6.21,阪神,4,未勝利,3,5, シャンドラファール,3,4.2,2,松山弘平,(栗),井上智史,キャロットファーム,芝,2400
2026.6.21,阪神,4,未勝利,3,6, ナムラヴンダー,3,6.6,3,幸英明,(栗),河嶋宏樹,奈村睦弘,芝,2400
2026.6.21,阪神,4,未勝利,4,7, ハギノデュア,3,87.7,17,藤懸貴志,(栗),高野友和,安岡美津子,芝,2400
2026.6.21,阪神,4,未勝利,4,8, キービート,3,28.4,12,秋山稔樹,(栗),宮徹,北前孔一郎,芝,2400
2026.6.21,阪神,4,未勝利,5,9, ボールドペイト,3,63.8,14,酒井学,(栗),千田輝彦,増田陽一,芝,2400
2026.6.21,阪神,4,未勝利,5,10, ボッチョ,3,30.5,13,川端海翼,(栗),石坂公一,ヒダカ・ブリーダーズ・ユニオン,芝,2400
2026.6.21,阪神,4,未勝利,6,11, マヤノイマジン,3,15.8,6,今村聖奈,(栗),矢作芳人,田所英子,芝,2400
2026.6.21,阪神,4,未勝利,6,12, ラピス,3,14.7,5,Ｍ．デム,(栗),安田翔伍,寺田寿男,芝,2400
2026.6.21,阪神,4,未勝利,7,13, ラッキーシグネチャ,3,21.7,10,北村友一,(栗),矢作芳人,張月勝,芝,2400
2026.6.21,阪神,4,未勝利,7,14, ジュンクロノシップ,3,65.8,15,国分優作,(栗),浜田多実,JKレーシング,芝,2400
2026.6.21,阪神,4,未勝利,7,15, バディ,3,12.8,4,太宰啓介,(栗),四位洋文,寺田寿男,芝,2400
2026.6.21,阪神,4,未勝利,8,16, ワンダースアン,3,175.4,18,森田誠也,(栗),斉藤崇史,山本能成,芝,2400
2026.6.21,阪神,4,未勝利,8,17, フィエールシャンテ,3,20.8,8,高杉吏麒,(栗),小椋研介,ノルマンディーサラブレッドレーシング,芝,2400
2026.6.21,阪神,4,未勝利,8,18, ベルドゥニュイ,3,72.6,16,富田暁,(栗),矢作芳人,江馬由将,芝,2400
2026.6.21,阪神,5,新馬,1,1, ジーティーキャメル,2,25.6,8,岩田望来,(栗),宮地貴稔,田畑利彦,芝,1600
2026.6.21,阪神,5,新馬,2,2, ヴィヴェローネ,2,3.4,2,松山弘平,(栗),高野友和,社台レースホース,芝,1600
2026.6.21,阪神,5,新馬,3,3, ブレイクガール,2,3.1,1,坂井瑠星,(栗),武幸四郎,藤田晋,芝,1600
2026.6.21,阪神,5,新馬,4,4, ドラゴンドール,2,10.0,5,Ｍ．デム,(栗),大久保龍,落合幸弘,芝,1600
2026.6.21,阪神,5,新馬,5,5, トップチェッカー,2,4.6,3,北村友一,(栗),武英智,シルクレーシング,芝,1600
2026.6.21,阪神,5,新馬,6,6, マーゴットマシェリ,2,10.8,6,池添謙一,(栗),小林真也,前田良平,芝,1600
2026.6.21,阪神,5,新馬,7,7, メイケイリチャード,2,17.4,7,幸英明,(栗),中竹和也,名古屋競馬,芝,1600
2026.6.21,阪神,5,新馬,8,8,$バクソウシャチョウ,2,9.1,4,川田将雅,(栗),森秀行,ミキハウスHKサービス,芝,1600
2026.6.21,阪神,5,新馬,8,9, フランヴィア,2,32.1,9,高杉吏麒,(栗),庄野靖志,幅田昌伸,芝,1600
2026.6.21,阪神,6,未勝利,1,1, ネッカーズルム,3,10.1,5,高杉吏麒,(栗),藤野健太,栗山学,芝,1400
2026.6.21,阪神,6,未勝利,1,2, アラビアンジョイ,3,6.8,3,松山弘平,(栗),高橋一哉,飯田良枝,芝,1400
2026.6.21,阪神,6,未勝利,2,3, レイノルズナンバー,3,14.2,6,幸英明,(栗),大久保龍,風早信昭,芝,1400
2026.6.21,阪神,6,未勝利,2,4, アステリアート,3,87.5,17,富田暁,(栗),高橋義忠,OHEレーシング,芝,1400
2026.6.21,阪神,6,未勝利,3,5, ラルス,3,31.9,12,池添謙一,(栗),吉田直弘,ターフ・スポート,芝,1400
2026.6.21,阪神,6,未勝利,3,6, リントゥラウル,3,17.3,9,酒井学,(栗),秋山真一,ノースヒルズ,芝,1400
2026.6.21,阪神,6,未勝利,4,7, レジーナテンペスタ,3,46.8,15,高倉稜,(栗),前川恭子,生垣博志,芝,1400
2026.6.21,阪神,6,未勝利,4,8, オーケーエレガンス,3,60.9,16,泉谷楓真,(栗),奥村豊,小野建,芝,1400
2026.6.21,阪神,6,未勝利,5,9, ルージュスプリヤ,3,4.1,1,森田誠也,(栗),斉藤崇史,東京ホースレーシング,芝,1400
2026.6.21,阪神,6,未勝利,5,10, グランピアン,3,43.7,14,松若風馬,(栗),森田直行,村島聡乃,芝,1400
2026.6.21,阪神,6,未勝利,6,11, ウォーターブビンガ,3,29.6,11,田山旺佑,(栗),藤野健太,山岡正人,芝,1400
2026.6.21,阪神,6,未勝利,6,12, サカトクフェイス,3,22.1,10,今村聖奈,(栗),今野貞一,STレーシング,芝,1400
2026.6.21,阪神,6,未勝利,7,13, エクスプロウド,3,182.9,18,小崎綾也,(栗),高橋一哉,"GET NEXT",芝,1400
2026.6.21,阪神,6,未勝利,7,14, ケイアイブラック,3,31.9,13,藤懸貴志,(栗),梅田智之,亀田和弘,芝,1400
2026.6.21,阪神,6,未勝利,7,15, トゥスコラーナ,3,8.8,4,北村友一,(栗),松永幹夫,シルクレーシング,芝,1400
2026.6.21,阪神,6,未勝利,8,16, カルロット,3,5.7,2,坂井瑠星,(栗),武幸四郎,キーファーズ,芝,1400
2026.6.21,阪神,6,未勝利,8,17, マティンデ,3,15.6,8,吉村誠之,(栗),清水久詞,中辻明,芝,1400
2026.6.21,阪神,6,未勝利,8,18, プペアンビスキュイ,3,15.1,7,亀田温心,(栗),茶木太樹,吉田勝己,芝,1400
2026.6.21,阪神,7,1勝,1,1, インピッシュ,4,21.8,12,池添謙一,(栗),中尾秀正,ノルマンディーサラブレッドレーシング,ダ,1400
2026.6.21,阪神,7,1勝,1,2, タイセイレグノ,4,18.4,10,国分優作,(栗),浜田多実,田中成奉,ダ,1400
2026.6.21,阪神,7,1勝,2,3, ジューンアゲイン,3,3.5,1,吉村誠之,(栗),長谷川浩,吉川潤,ダ,1400
2026.6.21,阪神,7,1勝,2,4, ハッコウイチウ,4,13.3,5,坂井瑠星,(栗),杉山晴紀,NICKS,ダ,1400
2026.6.21,阪神,7,1勝,3,5, シュテルンビルト,4,10.6,3,北村友一,(栗),森田直行,三田昌宏,ダ,1400
2026.6.21,阪神,7,1勝,3,6, シンギタイ,4,30.7,14,田口貫太,(栗),庄野靖志,程田真司,ダ,1400
2026.6.21,阪神,7,1勝,4,7, アレーティア,4,60.3,15,川須栄彦,(栗),田中克典,水上行雄,ダ,1400
2026.6.21,阪神,7,1勝,4,8, ドレアンティア,5,16.3,7,田山旺佑,(栗),飯田祐史,YGGホースクラブ,ダ,1400
2026.6.21,阪神,7,1勝,5,9, アパレイユ,3,4.4,2,岩田望来,(栗),西園翔太,幅田昌伸,ダ,1400
2026.6.21,阪神,7,1勝,5,10, ビスケットアソート,3,13.4,6,富田暁,(栗),武英智,グリーンファーム,ダ,1400
2026.6.21,阪神,7,1勝,6,11, キアヌ,4,159.1,16,小崎綾也,(栗),小崎憲,ニッシンホールディングス,ダ,1400
2026.6.21,阪神,7,1勝,6,12, エイシンマールス,4,17.1,9,松山弘平,(栗),今野貞一,栄進堂,ダ,1400
2026.6.21,阪神,7,1勝,7,13, ラッキーバック,3,12.5,4,Ｍ．デム,(栗),西村真幸,吉田和美,ダ,1400
2026.6.21,阪神,7,1勝,7,14, ゴッドカインド,5,21.0,11,今村聖奈,(栗),飯田祐史,中西憲治,ダ,1400
2026.6.21,阪神,7,1勝,8,15, エブリデイ,3,29.1,13,高杉吏麒,(栗),北出成人,馬目勇,ダ,1400
2026.6.21,阪神,7,1勝,8,16, グディンナ,5,16.8,8,藤懸貴志,(栗),牧田和弥,永田和彦,ダ,1400
2026.6.21,阪神,8,1勝,1,1, ジェルソミーノ,3,27.4,8,森田誠也,(栗),牧田和弥,永田和彦,芝,2000
2026.6.21,阪神,8,1勝,2,2, サリーチェ,4,8.9,6,亀田温心,(栗),池添学,シルクレーシング,芝,2000
2026.6.21,阪神,8,1勝,3,3, アーリーハーベスト,3,7.7,4,坂井瑠星,(栗),小林真也,吉田和美,芝,2000
2026.6.21,阪神,8,1勝,4,4, メイショウピリカ,4,7.6,3,今村聖奈,(栗),本田優,松本好隆,芝,2000
2026.6.21,阪神,8,1勝,5,5, エイシンウィスパー,3,3.4,2,松若風馬,(栗),今野貞一,栄進堂,芝,2000
2026.6.21,阪神,8,1勝,6,6, コニーアイランド,3,2.8,1,川田将雅,(栗),中内田充,サンデーレーシング,芝,2000
2026.6.21,阪神,8,1勝,7,7, リオンプライム,4,12.4,7,田口貫太,(栗),鈴木孝志,ヒダカ・ブリーダーズ・ユニオン,芝,2000
2026.6.21,阪神,8,1勝,8,8, ベルシュヴァル,3,7.8,5,吉村誠之,(栗),中村直也,ノルマンディーサラブレッドレーシング,芝,2000
2026.6.21,阪神,9,2勝,1,1, ステラクラウン,5,5.4,3,岩田望来,(栗),上村洋行,下河辺牧場,芝,2000
2026.6.21,阪神,9,2勝,2,2, ロードガレリア,4,2.6,1,高杉吏麒,(栗),藤岡健一,ロードホースクラブ,芝,2000
2026.6.21,阪神,9,2勝,3,3, ダノンカゼルタ,4,5.9,4,Ｍ．デム,(栗),寺島良,ダノックス,芝,2000
2026.6.21,阪神,9,2勝,4,4, ミカエルパシャ,5,12.8,6,北村友一,(栗),橋口慎介,迫田三果子,芝,2000
2026.6.21,阪神,9,2勝,5,5, カリーニョ,5,3.6,2,坂井瑠星,(栗),杉山晴紀,近藤英子,芝,2000
2026.6.21,阪神,9,2勝,6,6, ラーテル,6,21.1,7,城戸義政,(美),室井潔,Mr.ホース,芝,2000
2026.6.21,阪神,9,2勝,7,7, エコテーラー,5,8.7,5,藤懸貴志,(栗),石橋守,中西浩一,芝,2000
2026.6.21,阪神,10,3勝,1,1, トウカイポワール,5,39.6,13,亀田温心,(栗),北出成人,内村正則,ダ,1800
2026.6.21,阪神,10,3勝,1,2, メイショウシナノ,6,31.6,10,菱田裕二,(栗),大橋勇樹,松本好隆,ダ,1800
2026.6.21,阪神,10,3勝,2,3,$アークドール,5,12.1,7,Ｍ．デム,(栗),松永幹夫,インゼルレーシング,ダ,1800
2026.6.21,阪神,10,3勝,2,4, ティンティンデオ,5,40.1,14,松若風馬,(栗),小崎憲,風早信昭,ダ,1800
2026.6.21,阪神,10,3勝,3,5, ヒロノラメール,5,11.4,6,吉村誠之,(栗),宮地貴稔,高原将浩,ダ,1800
2026.6.21,阪神,10,3勝,3,6, ルクスフレンジー,4,5.2,2,酒井学,(栗),松永幹夫,ルクス,ダ,1800
2026.6.21,阪神,10,3勝,4,7, タマモキャリコ,5,35.8,12,富田暁,(栗),宮地貴稔,タマモ,ダ,1800
2026.6.21,阪神,10,3勝,4,8, パシアンジャン,5,10.5,5,田口貫太,(栗),鈴木孝志,吉田智,ダ,1800
2026.6.21,阪神,10,3勝,5,9, アカデミア,4,4.6,1,坂井瑠星,(栗),杉山晴紀,近藤英子,ダ,1800
2026.6.21,阪神,10,3勝,5,10, ロフティストーリー,4,25.7,9,横山和生,(美),久保田貴,G1レーシング,ダ,1800
2026.6.21,阪神,10,3勝,6,11, ルクスビッグスター,6,62.7,16,小崎綾也,(栗),清水久詞,ルクス,ダ,1800
2026.6.21,阪神,10,3勝,6,12, キュールエフウジン,7,14.5,8,角田大和,(栗),中尾秀正,岡本良三,ダ,1800
2026.6.21,阪神,10,3勝,7,13, ペイシャモノノフ,6,53.7,15,池添謙一,(栗),畑端省吾,北所直人,ダ,1800
2026.6.21,阪神,10,3勝,7,14, レヴァンテシチー,4,7.8,4,松山弘平,(栗),柴田卓,友駿ホースクラブ,ダ,1800
2026.6.21,阪神,10,3勝,8,15, ロカヒ,4,5.8,3,幸英明,(栗),飯田祐史,前田幸治,ダ,1800
2026.6.21,阪神,10,3勝,8,16, ウィンターダフネ,6,32.7,11,柴田裕一,(栗),橋田宜長,金子真人ホールディングス,ダ,1800
2026.6.21,阪神,11,Ｇ３,1,1, スマートワイス,5,25.0,10,川田将雅,(栗),大久保龍,大川徹,芝,1600
2026.6.21,阪神,11,Ｇ３,1,2, ファインライン,5,37.2,12,小崎綾也,(栗),松永幹夫,窪田芳郎,芝,1600
2026.6.21,阪神,11,Ｇ３,2,3, メイショウシンタケ,8,85.2,17,太宰啓介,(栗),千田輝彦,松本好隆,芝,1600
2026.6.21,阪神,11,Ｇ３,2,4, ブエナオンダ,5,47.3,14,田口貫太,(栗),須貝尚介,金子真人ホールディングス,芝,1600
2026.6.21,阪神,11,Ｇ３,3,5, ファーヴェント,5,8.6,4,高杉吏麒,(栗),藤原英昭,キャロットファーム,芝,1600
2026.6.21,阪神,11,Ｇ３,3,6,$シンフォーエバー,4,95.2,18,吉村誠之,(栗),森秀行,藤田晋,芝,1600
2026.6.21,阪神,11,Ｇ３,4,7, キープカルム,5,17.5,7,坂井瑠星,(栗),中竹和也,前田晋二,芝,1600
2026.6.21,阪神,11,Ｇ３,4,8, サイルーン,7,9.7,5,岩田望来,(美),堀宣行,金子真人ホールディングス,芝,1600
2026.6.21,阪神,11,Ｇ３,5,9, ファンダム,4,7.4,3,北村宏司,(美),辻哲英,キャロットファーム,芝,1600
2026.6.21,阪神,11,Ｇ３,5,10, エルトンバローズ,6,21.9,9,松若風馬,(栗),杉山晴紀,猪熊広次,芝,1600
2026.6.21,阪神,11,Ｇ３,6,11, エコロアルバ,3,3.0,1,横山和生,(美),田村康仁,原村正紀,芝,1600
2026.6.21,阪神,11,Ｇ３,6,12, カズミクラーシュ,5,20.3,8,幸英明,(栗),吉岡辰弥,吉田和美,芝,1600
2026.6.21,阪神,11,Ｇ３,7,13, メタルスピード,6,59.1,15,菱田裕二,(美),斎藤誠,"Him Rock Racingホールディングス",芝,1600
2026.6.21,阪神,11,Ｇ３,7,14, ミニトランザット,4,7.3,2,松山弘平,(栗),杉山佳明,谷掛龍夫,芝,1600
2026.6.21,阪神,11,Ｇ３,7,15, ショウナンアデイブ,7,39.5,13,池添謙一,(栗),高野友和,国本哲秀,芝,1600
2026.6.21,阪神,11,Ｇ３,8,16, スリールミニョン,4,60.6,16,永島まな,(栗),高橋康之,福盛訓之,芝,1600
2026.6.21,阪神,11,Ｇ３,8,17, スイープアワーズ,6,11.7,6,国分優作,(栗),宮地貴稔,大塚亮一,芝,1600
2026.6.21,阪神,11,Ｇ３,8,18, タガノエルピーダ,5,37.1,11,亀田温心,(栗),斉藤崇史,八木良司,芝,1600
2026.6.21,阪神,12,2勝,1,1, キングロコマイカイ,7,168.5,12,森田誠也,(栗),畑端省吾,大和屋暁,ダ,1800
2026.6.21,阪神,12,2勝,2,2, クリノフィガロ,5,41.2,2,幸英明,(栗),荒川義之,栗本依利子,ダ,1800
2026.6.21,阪神,12,2勝,3,3, ソウルアンドジャズ,5,65.7,6,川須栄彦,(美),武井亮,グリーンファーム,ダ,1800
2026.6.21,阪神,12,2勝,4,4,$クロノスバレット,4,55.1,3,松山弘平,(栗),吉村圭司,山田有暉朗,ダ,1800
2026.6.21,阪神,12,2勝,4,5, ジーニアスバローズ,6,174.9,13,松若風馬,(栗),辻野泰之,猪熊広次,ダ,1800
2026.6.21,阪神,12,2勝,5,6,$エリカヴェネチア,5,62.2,5,北村友一,(栗),吉岡辰弥,三木正浩,ダ,1800
2026.6.21,阪神,12,2勝,5,7, メイショウマントル,8,136.3,11,藤懸貴志,(栗),安達昭夫,松本和子,ダ,1800
2026.6.21,阪神,12,2勝,6,8, フラッシング,5,86.6,7,田山旺佑,(栗),牧浦充徳,マークス,ダ,1800
2026.6.21,阪神,12,2勝,6,9, エンマ,4,101.8,10,高倉稜,(栗),武英智,村木慎吾,ダ,1800
2026.6.21,阪神,12,2勝,7,10, ダディーズトリップ,10,87.4,8,岩田望来,(栗),千田輝彦,田島大史,ダ,1800
2026.6.21,阪神,12,2勝,7,11, ハッピーダンチャン,4,97.5,9,国分優作,(栗),小椋研介,三宅勝俊,ダ,1800
2026.6.21,阪神,12,2勝,8,12, タガノアバンドーネ,3,1.1,1,川田将雅,(栗),角田晃一,八木昌司,ダ,1800
2026.6.21,阪神,12,2勝,8,13, レッドリベルタ,5,60.5,4,田口貫太,(栗),庄野靖志,東京ホースレーシング,ダ,1800
