日付S,場所,Ｒ,クラス,枠番,馬番,馬名,年齢,単オッズ,人気,騎手,所属,調教師,馬主,芝ダ,距離,マイニング値,マイニング順位,ﾏｲ差
2026.6.21,函館,1,未勝利,1,1, ソルトアイリス,3,,,舟山瑠泉,(栗),四位洋文,杉浦敏夫,芝,1200,69.21,7, 0.22
2026.6.21,函館,1,未勝利,1,2, キミノナハオリョウ,3,,,国分恭介,(栗),千田輝彦,浦野和由,芝,1200,69.33,11, 0.34
2026.6.21,函館,1,未勝利,2,3, バレンタインビスタ,3,,,武豊,(美),蛯名正義,中村伊三美,芝,1200,68.99,1,-0.13
2026.6.21,函館,1,未勝利,2,4, スワトウ,3,,,小沢大仁,(栗),牧田和弥,吉田照哉,芝,1200,69.15,3, 0.16
2026.6.21,函館,1,未勝利,3,5, エビスディアーナ,3,,,古川奈穂,(美),加藤征弘,加藤晃央,芝,1200,69.67,14, 0.68
2026.6.21,函館,1,未勝利,3,6, クリーンブーケ,3,,,吉田隼人,(栗),荒川義之,石橋和夫,芝,1200,69.32,10, 0.33
2026.6.21,函館,1,未勝利,4,7, ルージュフローラ,3,,,古川吉洋,(美),森一誠,東京ホースレーシング,芝,1200,69.16,4, 0.17
2026.6.21,函館,1,未勝利,4,8, ファインコンダクト,3,,,横山武史,(美),久保田貴,窪田芳郎,芝,1200,69.24,8, 0.25
2026.6.21,函館,1,未勝利,5,9, エコロアビス,3,,,丹内祐次,(栗),牧浦充徳,原村正紀,芝,1200,69.12,2, 0.13
2026.6.21,函館,1,未勝利,5,10, スプリングドリーム,3,,,佐々木大,(美),加藤士津,野村茂雄,芝,1200,69.17,5, 0.18
2026.6.21,函館,1,未勝利,6,11, ハルヒメ,3,,,長浜鴻緒,(美),矢嶋大樹,大島有志生,芝,1200,69.28,9, 0.29
2026.6.21,函館,1,未勝利,6,12, ノーブルマドンナ,3,,,和田陽希,(栗),藤野健太,伊藤昭文,芝,1200,70.69,16, 1.70
2026.6.21,函館,1,未勝利,7,13, トリアングルレディ,3,,,岩田康誠,(美),尾関知人,ターフ・スポート,芝,1200,69.44,12, 0.45
2026.6.21,函館,1,未勝利,7,14, ミレニアルピンク,3,,,斎藤新,(栗),安田翔伍,金子真人ホールディングス,芝,1200,69.19,6, 0.20
2026.6.21,函館,1,未勝利,8,15, ブリリアンブルーム,3,,,小林美駒,(栗),西村真幸,宮崎俊也,芝,1200,70.16,15, 1.17
2026.6.21,函館,1,未勝利,8,16, チャーミングアイ,3,,,大久保友,(美),菊川正達,丸岡啓一,芝,1200,69.45,13, 0.46
2026.6.21,函館,2,未勝利,1,1, ハイドパーク,3,,,国分恭介,(栗),田中克典,ヒダカ・ブリーダーズ・ユニオン,ダ,2400,156.70,4, 1.31
2026.6.21,函館,2,未勝利,2,2, ポップアップ,3,,,佐々木大,(栗),寺島良,石川達絵,ダ,2400,156.87,5, 1.48
2026.6.21,函館,2,未勝利,3,3, ウインモンクール,3,,,丹内祐次,(栗),新谷功一,ウイン,ダ,2400,156.60,3, 1.21
2026.6.21,函館,2,未勝利,4,4, キヨタリート,3,,,舟山瑠泉,(栗),小崎憲,キヨタケ牧場,ダ,2400,156.38,2, 0.99
2026.6.21,函館,2,未勝利,5,5, ラヴィニアパーク,3,,,岩田康誠,(美),大竹正博,キャロットファーム,ダ,2400,157.04,6, 1.65
2026.6.21,函館,2,未勝利,6,6, マーゴットデウス,3,,,小沢大仁,(栗),今野貞一,前田良平,ダ,2400,157.45,7, 2.06
2026.6.21,函館,2,未勝利,6,7, テンカフブ,3,,,川又賢治,(栗),吉村圭司,岡浩二,ダ,2400,158.11,9, 2.72
2026.6.21,函館,2,未勝利,7,8, ロードステラート,3,,,横山武史,(栗),武英智,ロードホースクラブ,ダ,2400,155.39,1,-0.99
2026.6.21,函館,2,未勝利,7,9, ジャストグレース,3,,,古川吉洋,(栗),大根田裕,宮川純造,ダ,2400,158.08,8, 2.69
2026.6.21,函館,2,未勝利,8,10, トーセンアミューズ,3,,,長浜鴻緒,(美),加藤征弘,島川隆哉,ダ,2400,158.84,11, 3.45
2026.6.21,函館,2,未勝利,8,11, フクチャンブラック,3,,,松本大輝,(栗),高橋康之,福盛訓之,ダ,2400,158.36,10, 2.97
2026.6.21,函館,3,未勝利,1,1, ステキサプライズ,3,,,長浜鴻緒,(美),粕谷昌央,小田切統二,ダ,1000,60.31,8, 0.71
2026.6.21,函館,3,未勝利,2,2, ユーベルジーク,3,,,河原田菜,(美),辻哲英,ノルマンディーサラブレッドレーシング,ダ,1000,60.05,6, 0.45
2026.6.21,函館,3,未勝利,3,3,*エコロデュラン,3,,,古川奈穂,(栗),矢作芳人,原村正紀,ダ,1000,59.95,3, 0.35
2026.6.21,函館,3,未勝利,4,4, マーマレードスカイ,3,,,佐々木大,(美),堀内岳志,吉田千津,ダ,1000,60.78,12, 1.18
2026.6.21,函館,3,未勝利,5,5, ソパデアホ,3,,,岩田康誠,(美),小島茂之,丸山担,ダ,1000,60.33,9, 0.73
2026.6.21,函館,3,未勝利,5,6, シェイプオブユー,3,,,川又賢治,(栗),吉村圭司,坂東牧場,ダ,1000,60.01,4, 0.41
2026.6.21,函館,3,未勝利,6,7, カッサンドラ,3,,,横山琉人,(栗),高橋義忠,加藤徹,ダ,1000,60.43,10, 0.83
2026.6.21,函館,3,未勝利,6,8, コウユーネロガ,3,,,小林美駒,(美),秋本大介,加治屋貞光,ダ,1000,60.17,7, 0.57
2026.6.21,函館,3,未勝利,7,9, ライトオブジアース,3,,,丹内祐次,(栗),松永幹夫,社台レースホース,ダ,1000,60.03,5, 0.43
2026.6.21,函館,3,未勝利,7,10, ワイドアルバ,3,,,古川吉洋,(栗),藤野健太,幅田京子,ダ,1000,59.94,2, 0.34
2026.6.21,函館,3,未勝利,8,11, ラブデウザ,3,,,遠藤汰月,(美),加藤和宏,オールラブクラブ,ダ,1000,60.45,11, 0.85
2026.6.21,函館,3,未勝利,8,12, グレイトソン,3,,,和田陽希,(栗),鈴木孝志,宮内牧場,ダ,1000,59.60,1,-0.34
2026.6.21,函館,4,未勝利,1,1, ベアサナエチャン,3,,,横山武史,(美),杉浦宏昭,熊木浩,芝,1800,108.61,2, 0.01
2026.6.21,函館,4,未勝利,1,2, ワダツミ,3,,,川又賢治,(栗),笹田和秀,岡浩二,芝,1800,109.43,13, 0.83
2026.6.21,函館,4,未勝利,2,3, コスモクラシック,3,,,和田陽希,(美),嘉藤貴行,ブルースターズファーム,芝,1800,109.11,7, 0.51
2026.6.21,函館,4,未勝利,2,4, エイシンインアウト,3,,,横山琉人,(栗),中尾秀正,栄進堂,芝,1800,108.87,5, 0.27
2026.6.21,函館,4,未勝利,3,5, チリンドリ,3,,,古川吉洋,(栗),昆貢,安原浩司,芝,1800,111.25,16, 2.65
2026.6.21,函館,4,未勝利,3,6, コンティ,3,,,佐々木大,(美),黒岩陽一,長谷川祐司,芝,1800,108.93,6, 0.33
2026.6.21,函館,4,未勝利,4,7, トルークマクト,3,,,松本大輝,(栗),福永祐一,協栄,芝,1800,109.41,12, 0.81
2026.6.21,函館,4,未勝利,4,8, パンキー,3,,,斎藤新,(栗),茶木太樹,水谷昌晃,芝,1800,108.69,3, 0.09
2026.6.21,函館,4,未勝利,5,9, ヘクセンハウス,3,,,国分恭介,(栗),吉田直弘,サラブレッドクラブ・ラフィアン,芝,1800,108.60,1,-0.01
2026.6.21,函館,4,未勝利,5,10, マイネルディザイア,3,,,長浜鴻緒,(美),室井潔,サラブレッドクラブ・ラフィアン,芝,1800,109.40,11, 0.80
2026.6.21,函館,4,未勝利,6,11, ヒシナスキロ,3,,,丹内祐次,(美),堀宣行,"Hishi Partners",芝,1800,108.71,4, 0.11
2026.6.21,函館,4,未勝利,6,12, アーデルブリックス,3,,,舟山瑠泉,(栗),坂口智康,シルクレーシング,芝,1800,109.15,9, 0.55
2026.6.21,函館,4,未勝利,7,13, グランフルス,3,,,岩田康誠,(美),矢野英一,森岡大河,芝,1800,109.19,10, 0.59
2026.6.21,函館,4,未勝利,7,14, レジーナレガリア,3,,,小沢大仁,(栗),石坂公一,キャロットファーム,芝,1800,109.75,14, 1.15
2026.6.21,函館,4,未勝利,8,15, デルマノリクラ,3,,,遠藤汰月,(美),勢司和浩,浅沼廣幸,芝,1800,109.87,15, 1.27
2026.6.21,函館,4,未勝利,8,16, コワンニシタガウ,3,,,武豊,(栗),庄野靖志,幅田京子,芝,1800,109.12,8, 0.52
2026.6.21,函館,5,新馬,1,1, フェリチタ,2,,,佐々木大,(栗),鈴木孝志,カナヤマホールディングス,芝,1200,70.23,2, 0.08
2026.6.21,函館,5,新馬,2,2, ラストモーメント,2,,,古川吉洋,(栗),北出成人,フジワラ・ファーム,芝,1200,70.41,6, 0.26
2026.6.21,函館,5,新馬,3,3, コックニー,2,,,横山武史,(美),田中剛,ゴドルフィン,芝,1200,70.28,3, 0.13
2026.6.21,函館,5,新馬,4,4, レインボースター,2,,,舟山瑠泉,(栗),加藤公太,伊藤泰子,芝,1200,71.22,9, 1.07
2026.6.21,函館,5,新馬,5,5, ゴートゥービッツン,2,,,遠藤汰月,(美),伊藤伸一,山下恒善,芝,1200,70.31,4, 0.16
2026.6.21,函館,5,新馬,6,6, キチロクタワー,2,,,長浜鴻緒,(美),松永康利,山本正美,芝,1200,70.42,7, 0.27
2026.6.21,函館,5,新馬,7,7, リアルジャパン,2,,,和田陽希,(栗),大橋勇樹,水谷光太郎,芝,1200,70.38,5, 0.23
2026.6.21,函館,5,新馬,7,8,$クリアストライク,2,,,小沢大仁,(栗),田中克典,シルクレーシング,芝,1200,70.15,1,-0.08
2026.6.21,函館,5,新馬,8,9, トーセンルルド,2,,,横山琉人,(美),杉浦宏昭,島川隆哉,芝,1200,70.62,8, 0.47
2026.6.21,函館,5,新馬,8,10, ブレイヴアーサー,2,,,丹内祐次,(美),奥平雅士,フィールドレーシング,芝,1200,71.50,10, 1.35
2026.6.21,函館,6,未勝利,1,1, ビナハイバン,3,,,横山琉人,(栗),中尾秀正,井之口二三雄,ダ,1700,106.63,2, 0.59
2026.6.21,函館,6,未勝利,2,2, メイショウセンドウ,3,,,吉田隼人,(栗),飯田祐史,松本好隆,ダ,1700,107.05,3, 1.01
2026.6.21,函館,6,未勝利,3,3, ライヴマルガリータ,3,,,長浜鴻緒,(美),牧光二,澤田孝之,ダ,1700,107.36,5, 1.32
2026.6.21,函館,6,未勝利,4,4, モロノカガヤキ,3,,,丹内祐次,(美),林徹,諸岡勲,ダ,1700,106.04,1,-0.59
2026.6.21,函館,6,未勝利,4,5,*チャーチルデュース,3,,,武豊,(栗),松永幹夫,キーファーズ,ダ,1700,107.76,7, 1.72
2026.6.21,函館,6,未勝利,5,6, ウインカトリーヌ,3,,,岩田康誠,(栗),西園翔太,ウイン,ダ,1700,109.05,12, 3.01
2026.6.21,函館,6,未勝利,5,7, シュヴェスター,3,,,舟山瑠泉,(栗),高橋亮,"GET NEXT",ダ,1700,107.85,8, 1.81
2026.6.21,函館,6,未勝利,6,8, カタフラクト,3,,,小沢大仁,(美),加藤士津,ライオンレースホース,ダ,1700,107.26,4, 1.22
2026.6.21,函館,6,未勝利,6,9, メイショウライガ,3,,,河原田菜,(栗),藤原英昭,松本好隆,ダ,1700,107.48,6, 1.44
2026.6.21,函館,6,未勝利,7,10,$ゴンフィンガー,3,,,佐々木大,(栗),中内田充,藤田晋,ダ,1700,108.19,10, 2.15
2026.6.21,函館,6,未勝利,7,11, ヘヴンリーサイン,3,,,黛弘人,(美),深山雅史,岡田牧雄,ダ,1700,108.38,11, 2.34
2026.6.21,函館,6,未勝利,8,12,$アメリカンダンス,3,,,小林美駒,(栗),藤岡健一,吉澤ホールディングス,ダ,1700,108.16,9, 2.12
2026.6.21,函館,6,未勝利,8,13,$ガダニーニ,3,,,横山武史,(美),西田雄一,吉田和美,ダ,1700,109.58,13, 3.54
2026.6.21,函館,7,1勝,1,1, グランテレーズ,5,,,小沢大仁,(栗),渡辺薫彦,シルクレーシング,芝,1200,69.57,6, 0.67
2026.6.21,函館,7,1勝,2,2, アイムインディ,3,,,武豊,(美),蛯名正義,山本又一郎,芝,1200,68.97,2, 0.07
2026.6.21,函館,7,1勝,3,3, スプリングデイ,5,,,古川奈穂,(美),伊藤大士,ミルファーム,芝,1200,69.83,10, 0.93
2026.6.21,函館,7,1勝,4,4, ダブルチャレンジ,3,,,吉田隼人,(美),深山雅史,由井健太郎,芝,1200,69.55,5, 0.65
2026.6.21,函館,7,1勝,5,5, ジュジュドール,3,,,長浜鴻緒,(栗),西園翔太,フォレストレーシング,芝,1200,69.93,11, 1.03
2026.6.21,函館,7,1勝,6,6, ツルノマイハシ,3,,,佐々木大,(美),杉浦宏昭,小林善一,芝,1200,69.61,7, 0.71
2026.6.21,函館,7,1勝,6,7, マナボニート,3,,,丹内祐次,(栗),北出成人,松本俊廣,芝,1200,68.90,1,-0.07
2026.6.21,函館,7,1勝,7,8, アルバニー,5,,,舟山瑠泉,(栗),千田輝彦,長谷川祐司,芝,1200,69.73,9, 0.83
2026.6.21,函館,7,1勝,7,9, ファニーバニー,3,,,横山武史,(栗),杉山佳明,谷崎森吾,芝,1200,69.16,3, 0.26
2026.6.21,函館,7,1勝,8,10, ナンナンプー,4,,,岩田康誠,(美),水野貴広,友水達也,芝,1200,69.63,8, 0.73
2026.6.21,函館,7,1勝,8,11, ヴェガリア,3,,,斎藤新,(美),栗田徹,"GET NEXT",芝,1200,69.29,4, 0.39
2026.6.21,函館,8,1勝,1,1, アッシュバーグ,5,,,横山琉人,(美),高橋文雅,下河辺隆行,ダ,1700,107.86,10, 2.25
2026.6.21,函館,8,1勝,2,2, ホウオウバローロ,5,,,舟山瑠泉,(栗),前川恭子,小笹芳央,ダ,1700,106.52,7, 0.91
2026.6.21,函館,8,1勝,3,3, テイクオンミー,3,,,丹内祐次,(美),水野貴広,野村茂雄,ダ,1700,106.29,5, 0.68
2026.6.21,函館,8,1勝,4,4, パーティーガール,4,,,遠藤汰月,(美),伊藤伸一,田頭勇貴,ダ,1700,108.38,12, 2.77
2026.6.21,函館,8,1勝,5,5, アスクガンバーレ,4,,,岩田康誠,(栗),福永祐一,廣崎利洋HD,ダ,1700,105.69,2, 0.08
2026.6.21,函館,8,1勝,5,6, ディースプレマシー,4,,,古川吉洋,(美),牧光二,ヒダカ・ブリーダーズ・ユニオン,ダ,1700,106.01,4, 0.40
2026.6.21,函館,8,1勝,6,7, シーズザスローン,3,,,武豊,(栗),松永幹夫,前田幸貴,ダ,1700,105.89,3, 0.28
2026.6.21,函館,8,1勝,6,8, アラクラン,3,,,小林美駒,(美),田村康仁,シルクレーシング,ダ,1700,105.61,1,-0.08
2026.6.21,函館,8,1勝,7,9, ナクライト,4,,,横山武史,(美),手塚貴徳,インゼルレーシング,ダ,1700,106.46,6, 0.85
2026.6.21,函館,8,1勝,7,10, ライフイズ,3,,,和田陽希,(美),鈴木慎太,石川秀守,ダ,1700,108.13,11, 2.52
2026.6.21,函館,8,1勝,8,11, フェニーチェドーロ,4,,,荻野琢真,(栗),宮本博,下河辺隆行,ダ,1700,107.75,9, 2.14
2026.6.21,函館,8,1勝,8,12, イサギ,3,,,小沢大仁,(栗),小椋研介,村木慎吾,ダ,1700,107.04,8, 1.43
2026.6.21,函館,9,1勝,1,1, ドマーネ,4,,,国分恭介,(栗),辻野泰之,小林英一ホールディングス,芝,2000,121.52,9, 1.30
2026.6.21,函館,9,1勝,2,2, タイムレスキス,3,,,武豊,(栗),吉村圭司,サンデーレーシング,芝,2000,121.12,7, 0.90
2026.6.21,函館,9,1勝,3,3, アルディスティーノ,4,,,横山琉人,(栗),安田翔伍,社台レースホース,芝,2000,121.77,11, 1.55
2026.6.21,函館,9,1勝,4,4, レダアトミカ,3,,,舟山瑠泉,(美),上原佑紀,キャロットファーム,芝,2000,120.22,1,-0.31
2026.6.21,函館,9,1勝,5,5, メリザンド,4,,,杉原誠人,(美),小手川準,シルクレーシング,芝,2000,120.82,6, 0.60
2026.6.21,函館,9,1勝,5,6, クリスレジーナ,3,,,斎藤新,(栗),高野友和,ターフ・スポート,芝,2000,120.64,4, 0.42
2026.6.21,函館,9,1勝,6,7, アストリル,3,,,丹内祐次,(美),鈴木慎太,辻子依旦,芝,2000,120.63,3, 0.41
2026.6.21,函館,9,1勝,6,8, リリーズブルーム,5,,,原田和真,(美),松山将樹,YGGホースクラブ,芝,2000,121.99,12, 1.77
2026.6.21,函館,9,1勝,7,9, モルビド,4,,,小沢大仁,(栗),中内田充,社台レースホース,芝,2000,121.25,8, 1.03
2026.6.21,函館,9,1勝,7,10, ソングオブザバード,3,,,横山武史,(栗),佐藤悠太,三田昌宏,芝,2000,120.53,2, 0.31
2026.6.21,函館,9,1勝,8,11, ルージュカエラ,5,,,吉田隼人,(美),古賀慎明,東京ホースレーシング,芝,2000,121.65,10, 1.43
2026.6.21,函館,9,1勝,8,12, エイカイコバチ,3,,,佐々木大,(栗),藤原英昭,二木英実,芝,2000,120.77,5, 0.55
2026.6.21,函館,10,2勝,1,1, ギマール,5,,,国分恭介,(栗),岡田稲男,カナヤマホールディングス,ダ,1700,105.28,6, 0.59
2026.6.21,函館,10,2勝,2,2, レッドライトニング,5,,,長浜鴻緒,(美),浅利英明,東京ホースレーシング,ダ,1700,104.95,4, 0.26
2026.6.21,函館,10,2勝,3,3, ジュンラトゥール,5,,,佐々木大,(栗),浜田多実,河合純二,ダ,1700,104.69,1,-0.23
2026.6.21,函館,10,2勝,4,4, タイヨウフレア,4,,,古川吉洋,(美),杉浦宏昭,小林善一,ダ,1700,106.30,7, 1.61
2026.6.21,函館,10,2勝,5,5, クリノキングマン,5,,,松本大輝,(栗),高橋康之,栗本依利子,ダ,1700,107.10,9, 2.41
2026.6.21,函館,10,2勝,6,6, チャーリー,3,,,岩田康誠,(美),奥村武,嶋田一成,ダ,1700,105.03,5, 0.34
2026.6.21,函館,10,2勝,7,7, ラマンシュ,4,,,斎藤新,(栗),杉山佳明,谷掛龍夫,ダ,1700,106.98,8, 2.29
2026.6.21,函館,10,2勝,8,8, アールプロスト,4,,,小沢大仁,(美),伊藤大士,前原敏行,ダ,1700,104.94,3, 0.25
2026.6.21,函館,10,2勝,8,9, ライフゲート,4,,,丹内祐次,(美),伊藤圭三,斉藤三寛,ダ,1700,104.92,2, 0.23
2026.6.21,函館,11,3勝,1,1, トールキン,6,,,鷲頭虎太,(栗),橋田宜長,吉田勝己,芝,1200,69.49,15, 0.93
2026.6.21,函館,11,3勝,2,2, メルトユアハート,5,,,横山琉人,(栗),長谷川浩,ロードホースクラブ,芝,1200,69.19,12, 0.63
2026.6.21,函館,11,3勝,2,3, エヴァンスウィート,5,,,吉田隼人,(栗),友道康夫,佐々木主浩,芝,1200,69.23,13, 0.67
2026.6.21,函館,11,3勝,3,4, パクスロマーナ,6,,,杉原誠人,(栗),加藤公太,酒井孝敏,芝,1200,69.04,8, 0.48
2026.6.21,函館,11,3勝,3,5, スティールブルー,5,,,古川吉洋,(美),田中勝春,シルクレーシング,芝,1200,69.38,14, 0.82
2026.6.21,函館,11,3勝,4,6, シカゴスティング,5,,,武豊,(栗),庄野靖志,辻川弘,芝,1200,69.14,10, 0.58
2026.6.21,函館,11,3勝,4,7, ダークエクリプス,7,,,荻野琢真,(栗),今野貞一,矢野秀春,芝,1200,68.95,6, 0.39
2026.6.21,函館,11,3勝,5,8, サムハンター,8,,,松本大輝,(栗),高橋康之,駒秀,芝,1200,69.12,9, 0.56
2026.6.21,函館,11,3勝,5,9, ルーフ,6,,,佐々木大,(栗),清水久詞,白日光,芝,1200,68.84,4, 0.28
2026.6.21,函館,11,3勝,6,10,$エコロジーク,4,,,岩田康誠,(栗),森秀行,原村正紀,芝,1200,69.15,11, 0.59
2026.6.21,函館,11,3勝,6,11, ヴェサリウス,5,,,横山武史,(美),菊沢隆徳,福盛訓之,芝,1200,68.72,3, 0.16
2026.6.21,函館,11,3勝,7,12, ドゥアムール,4,,,斎藤新,(栗),中竹和也,前田葉子,芝,1200,69.03,7, 0.47
2026.6.21,函館,11,3勝,7,13, アシャカタカ,6,,,小林美駒,(美),鈴木伸尋,吉冨学,芝,1200,68.91,5, 0.35
2026.6.21,函館,11,3勝,8,14, アスティスプマンテ,5,,,舟山瑠泉,(栗),佐藤悠太,吉田勝己,芝,1200,68.56,1,-0.11
2026.6.21,函館,11,3勝,8,15, ゴールドサーベル,5,,,小沢大仁,(栗),大久保龍,インゼルレーシング,芝,1200,68.67,2, 0.11
2026.6.21,函館,12,1勝,1,1, タイキルッジェーロ,3,,,斎藤新,(栗),高野友和,大樹ファーム,芝,1800,107.97,2, 0.10
2026.6.21,函館,12,1勝,2,2, コッツォリーノ,3,,,佐々木大,(美),池上昌和,ラ・メール,芝,1800,107.87,1,-0.10
2026.6.21,函館,12,1勝,3,3, ウインベラーノ,4,,,舟山瑠泉,(栗),宮徹,ウイン,芝,1800,109.20,9, 1.33
2026.6.21,函館,12,1勝,4,4, ポタリング,4,,,遠藤汰月,(美),武藤善則,高橋文男,芝,1800,108.65,6, 0.78
2026.6.21,函館,12,1勝,5,5, マイネルモメンタム,5,,,横山琉人,(美),相沢郁,サラブレッドクラブ・ラフィアン,芝,1800,108.06,3, 0.19
2026.6.21,函館,12,1勝,6,6, グレーヌドジョワ,3,,,荻野琢真,(栗),今野貞一,グリーンファーム,芝,1800,108.74,7, 0.87
2026.6.21,函館,12,1勝,7,7, マイバラード,6,,,長浜鴻緒,(美),松永康利,ビッグレッドファーム,芝,1800,108.42,4, 0.55
2026.6.21,函館,12,1勝,7,8, スタードメイソン,4,,,和田陽希,(栗),加藤公太,社台レースホース,芝,1800,109.34,10, 1.47
2026.6.21,函館,12,1勝,8,9, ナイスプレーアスク,3,,,丹内祐次,(美),田村康仁,廣崎利洋HD,芝,1800,108.48,5, 0.61
2026.6.21,函館,12,1勝,8,10, ネッタイヤライ,3,,,古川奈穂,(栗),矢作芳人,犬塚悠治郎,芝,1800,108.92,8, 1.05
2026.6.21,東京,1,未勝利,1,1, キャプテンシー,5,,,中村将之,(栗),松永幹夫,サンデーレーシング,ダ,3000,206.86,6, 1.96
2026.6.21,東京,1,未勝利,2,2, セイウンパシュート,6,,,五十嵐雄,(美),上原博之,西山茂行,ダ,3000,206.85,5, 1.95
2026.6.21,東京,1,未勝利,3,3, グランジョルノ,4,,,伴啓太,(美),高柳瑞樹,キャロットファーム,ダ,3000,205.83,2, 0.93
2026.6.21,東京,1,未勝利,3,4, テーオーレガシー,6,,,小牧加矢,(栗),宮徹,小笹公也,ダ,3000,208.50,10, 3.60
2026.6.21,東京,1,未勝利,4,5, メイショウカゼマチ,6,,,黒岩悠,(栗),角田晃一,松本好隆,ダ,3000,207.18,8, 2.28
2026.6.21,東京,1,未勝利,4,6, ヒロピアーナ,6,,,土田真翔,(美),石栗龍彦,石川博,ダ,3000,216.37,14,11.47
2026.6.21,東京,1,未勝利,5,7, アップストローク,7,,,草野太郎,(美),杉浦宏昭,吉田照哉,ダ,3000,211.70,13, 6.80
2026.6.21,東京,1,未勝利,5,8, ブライトマン,5,,,大江原圭,(美),蛯名正義,前田幸貴,ダ,3000,206.96,7, 2.06
2026.6.21,東京,1,未勝利,6,9, ダスク,6,,,難波剛健,(栗),宮本博,吉澤ホールディングス,ダ,3000,204.90,1,-0.93
2026.6.21,東京,1,未勝利,6,10, プレミアブルー,4,,,金子光希,(美),菊川正達,蕭敬意,ダ,3000,206.57,4, 1.67
2026.6.21,東京,1,未勝利,7,11, ゴールデンステップ,5,,,上野翔,(美),和田勇介,岡田牧雄,ダ,3000,206.04,3, 1.14
2026.6.21,東京,1,未勝利,7,12, アルシミスト,5,,,坂口智康,(美),浅利英明,キャロットファーム,ダ,3000,207.88,9, 2.98
2026.6.21,東京,1,未勝利,8,13, デスティネ,9,,,江田勇亮,(美),萱野浩二,馬目勇,ダ,3000,208.95,12, 4.05
2026.6.21,東京,1,未勝利,8,14, ジャクソン,6,,,小林凌大,(美),武市康男,薪浦亨,ダ,3000,208.60,11, 3.70
2026.6.21,東京,2,未勝利,1,1, シャトーベスト,3,,,谷原柚希,(美),蛯名利弘,円城幸男,ダ,1600,101.28,16, 2.94
2026.6.21,東京,2,未勝利,1,2,$ダノンマスタング,3,,,ルメール,(美),田中博康,ダノックス,ダ,1600,99.31,10, 0.97
2026.6.21,東京,2,未勝利,2,3, ライトアファイア,3,,,菊沢一樹,(美),伊藤圭三,ゴドルフィン,ダ,1600,99.21,9, 0.87
2026.6.21,東京,2,未勝利,2,4,$フィオリータ,3,,,三浦皇成,(美),大竹正博,前田幸貴,ダ,1600,99.47,13, 1.13
2026.6.21,東京,2,未勝利,3,5, ファインブライト,3,,,原優介,(美),佐藤吉勝,片山博志,ダ,1600,98.68,4, 0.34
2026.6.21,東京,2,未勝利,3,6, モロノラピド,3,,,丸山元気,(美),田中勝春,諸岡勲,ダ,1600,99.67,14, 1.33
2026.6.21,東京,2,未勝利,4,7, ブルージンジャー,3,,,ゴンサル,(美),矢嶋大樹,吉田和美,ダ,1600,99.39,11, 1.05
2026.6.21,東京,2,未勝利,4,8, アクアマーズ,3,,,荻野極,(美),浅利英明,シルクレーシング,ダ,1600,98.91,6, 0.57
2026.6.21,東京,2,未勝利,5,9, キーチジャステン,3,,,西村淳也,(美),千葉直人,山本益臣,ダ,1600,99.42,12, 1.08
2026.6.21,東京,2,未勝利,5,10, パチクリベスクリ,3,,,石神深道,(美),清水英克,河本尚吾,ダ,1600,99.02,7, 0.68
2026.6.21,東京,2,未勝利,6,11, モンスターラッシュ,3,,,石川裕紀,(美),高木登,サンデーレーシング,ダ,1600,98.34,1,-0.04
2026.6.21,東京,2,未勝利,6,12, デルマシラカミ,3,,,上里直汰,(美),小野次郎,浅沼廣幸,ダ,1600,100.41,15, 2.07
2026.6.21,東京,2,未勝利,7,13,$ラッキーモア,3,,,戸崎圭太,(美),尾関知人,張月勝,ダ,1600,98.38,2, 0.04
2026.6.21,東京,2,未勝利,7,14, ニットウライズ,3,,,吉田豊,(美),高橋文雅,日東牧場,ダ,1600,99.11,8, 0.77
2026.6.21,東京,2,未勝利,8,15, カフェタンガロア,3,,,小林脩斗,(美),嘉藤貴行,西川光一,ダ,1600,98.75,5, 0.41
2026.6.21,東京,2,未勝利,8,16, ファイアリービート,3,,,大野拓弥,(美),鈴木慎太,ゴドルフィン,ダ,1600,98.42,3, 0.08
2026.6.21,東京,3,未勝利,1,1, ツウカイウォリアー,3,,,小林脩斗,(美),鈴木慎太,木村直樹,ダ,2100,137.00,15, 4.18
2026.6.21,東京,3,未勝利,1,2, ウォーレーションズ,3,,,菊沢一樹,(美),鈴木慎太,フクキタル,ダ,2100,134.81,9, 1.99
2026.6.21,東京,3,未勝利,2,3, ザンテソーロ,3,,,荻野極,(美),畠山吉宏,了徳寺健二ホールディングス,ダ,2100,133.45,4, 0.63
2026.6.21,東京,3,未勝利,2,4, クリムゾンリーフ,3,,,ゴンサル,(美),加藤士津,飯田貴大,ダ,2100,132.82,1,-0.47
2026.6.21,東京,3,未勝利,3,5, ユイノサダハル,3,,,江田照男,(美),古賀慎明,由井健太郎,ダ,2100,134.30,6, 1.48
2026.6.21,東京,3,未勝利,3,6, ネイティヴプライド,3,,,三浦皇成,(美),高木登,山田弘,ダ,2100,133.43,3, 0.61
2026.6.21,東京,3,未勝利,4,7, アスパラゴ,3,,,西塚洸二,(美),田村康仁,村島聡乃,ダ,2100,135.56,13, 2.74
2026.6.21,東京,3,未勝利,4,8, マイネルシュラハト,3,,,柴田大知,(美),畠山吉宏,サラブレッドクラブ・ラフィアン,ダ,2100,134.79,8, 1.97
2026.6.21,東京,3,未勝利,5,9, フォンドルレール,3,,,吉田豊,(美),戸田博文,G1レーシング,ダ,2100,133.29,2, 0.47
2026.6.21,東京,3,未勝利,5,10, ヤマメナイト,3,,,野中悠太,(美),田島俊明,越村哲男,ダ,2100,135.36,10, 2.54
2026.6.21,東京,3,未勝利,6,11, コスモラムバック,3,,,武藤雅,(美),水野貴広,ビッグレッドファーム,ダ,2100,134.74,7, 1.92
2026.6.21,東京,3,未勝利,6,12, ロードリュイール,3,,,原優介,(美),田中博康,ロードホースクラブ,ダ,2100,136.57,14, 3.75
2026.6.21,東京,3,未勝利,7,13, ウインガネーシャ,3,,,木幡巧也,(美),高木登,ウイン,ダ,2100,133.61,5, 0.79
2026.6.21,東京,3,未勝利,7,14, レイランディ,3,,,石神深道,(美),古賀慎明,グリーンファーム,ダ,2100,135.44,11, 2.62
2026.6.21,東京,3,未勝利,8,15, エオリアンリッジ,3,,,丸田恭介,(美),尾関知人,ライオンレースホース,ダ,2100,135.48,12, 2.66
2026.6.21,東京,3,未勝利,8,16, キョウエイアート,3,,,石田拓郎,(美),萱野浩二,田中晴夫,ダ,2100,137.92,16, 5.10
2026.6.21,東京,4,新馬,1,1, シュートザワークス,2,,,津村明秀,(美),千葉直人,G1レーシング,芝,1400,82.33,6, 0.36
2026.6.21,東京,4,新馬,2,2, アラータス,2,,,丸田恭介,(美),秋本大介,中山栄一,芝,1400,82.22,3, 0.25
2026.6.21,東京,4,新馬,3,3, シャンパンアワー,2,,,戸崎圭太,(美),田中剛,青山洋一,芝,1400,82.54,8, 0.57
2026.6.21,東京,4,新馬,4,4, クラウンフラッグ,2,,,木幡巧也,(美),中川公成,高篠憲一,芝,1400,82.59,10, 0.62
2026.6.21,東京,4,新馬,5,5, エムアイブレイズ,2,,,原優介,(美),青木孝文,岩崎充利,芝,1400,82.56,9, 0.59
2026.6.21,東京,4,新馬,6,6, タクティシアン,2,,,ルメール,(美),森一誠,シルクレーシング,芝,1400,82.26,4, 0.29
2026.6.21,東京,4,新馬,7,7, ミエルモーサ,2,,,西村淳也,(栗),松下武士,サンデーレーシング,芝,1400,81.97,1,-0.10
2026.6.21,東京,4,新馬,7,8, シーズザチャンス,2,,,ゴンサル,(美),大和田成,田中純一,芝,1400,82.07,2, 0.10
2026.6.21,東京,4,新馬,8,9, イサチルサリーレ,2,,,木幡初也,(美),竹内正洋,小坂功,芝,1400,82.40,7, 0.43
2026.6.21,東京,4,新馬,8,10, コールドスリープ,2,,,菊沢一樹,(美),深山雅史,由井健太郎,芝,1400,82.32,5, 0.35
2026.6.21,東京,5,新馬,1,1, トーセンマスラオ,2,,,菊沢一樹,(美),菊沢隆徳,島川隆哉,芝,1800,109.24,7, 0.32
2026.6.21,東京,5,新馬,2,2, フルーツバスケット,2,,,吉田豊,(栗),前川恭子,鈴木剛史,芝,1800,109.55,13, 0.63
2026.6.21,東京,5,新馬,3,3, ホウオウビリーヴ,2,,,戸崎圭太,(美),木村哲也,小笹芳央,芝,1800,109.13,5, 0.21
2026.6.21,東京,5,新馬,4,4, ノドゥス,2,,,横山典弘,(美),斎藤誠,スリーエイチレーシング,芝,1800,109.30,10, 0.38
2026.6.21,東京,5,新馬,4,5, キャピタルストーン,2,,,大野拓弥,(美),久保田貴,宇田豊,芝,1800,109.02,3, 0.10
2026.6.21,東京,5,新馬,5,6, コスモシグナス,2,,,石川裕紀,(美),水野貴広,ビッグレッドファーム,芝,1800,109.12,4, 0.20
2026.6.21,東京,5,新馬,5,7, レイデアルマス,2,,,西村淳也,(栗),杉山佳明,サンデーレーシング,芝,1800,109.16,6, 0.24
2026.6.21,東京,5,新馬,6,8, アヴィアトーレ,2,,,ゴンサル,(美),田島俊明,社台レースホース,芝,1800,109.27,9, 0.35
2026.6.21,東京,5,新馬,6,9, ラガリーガ,2,,,ルメール,(美),手塚貴久,キャロットファーム,芝,1800,108.92,1,-0.07
2026.6.21,東京,5,新馬,7,10, ニシノツムジカゼ,2,,,野中悠太,(美),西田雄一,西山茂行,芝,1800,109.42,11, 0.50
2026.6.21,東京,5,新馬,7,11, マイネルアルディ,2,,,石神深道,(美),菊川正達,サラブレッドクラブ・ラフィアン,芝,1800,109.25,8, 0.33
2026.6.21,東京,5,新馬,8,12, マイネルリコルディ,2,,,原優介,(美),青木孝文,サラブレッドクラブ・ラフィアン,芝,1800,109.54,12, 0.62
2026.6.21,東京,5,新馬,8,13, ダノンコレクト,2,,,荻野極,(美),森一誠,ダノックス,芝,1800,108.99,2, 0.07
2026.6.21,東京,6,未勝利,1,1, セルリア,3,,,原優介,(美),大和田成,田中純一,芝,1600,93.15,9, 0.23
2026.6.21,東京,6,未勝利,1,2, ウインテラジーナ,3,,,西村淳也,(美),栗田徹,ウイン,芝,1600,93.03,6, 0.11
2026.6.21,東京,6,未勝利,2,3, ロックユアライフ,3,,,菊沢一樹,(美),田中博康,NICKS,芝,1600,93.31,13, 0.39
2026.6.21,東京,6,未勝利,2,4, サイモンナイスラン,3,,,木幡育也,(美),勢司和浩,澤田昭紀,芝,1600,93.22,11, 0.30
2026.6.21,東京,6,未勝利,3,5, ブラーヴジャン,3,,,ゴンサル,(美),和田勇介,吉田智,芝,1600,93.09,7, 0.17
2026.6.21,東京,6,未勝利,3,6, ヴィクトリーマンボ,3,,,菅原隆一,(美),大竹正博,中村昭博,芝,1600,93.45,14, 0.53
2026.6.21,東京,6,未勝利,4,7, フィレルレーヴ,3,,,吉田豊,(美),竹内正洋,古川一弘,芝,1600,95.55,16, 2.63
2026.6.21,東京,6,未勝利,4,8, ダノンアスコルティ,3,,,ルメール,(美),大竹正博,ダノックス,芝,1600,92.97,3, 0.05
2026.6.21,東京,6,未勝利,5,9, ニシノカルラ,3,,,野中悠太,(美),和田勇介,西山茂行,芝,1600,93.02,5, 0.10
2026.6.21,東京,6,未勝利,5,10, ヘクトルテソーロ,3,,,木幡巧也,(美),畠山吉宏,了徳寺健二ホールディングス,芝,1600,93.24,12, 0.32
2026.6.21,東京,6,未勝利,6,11, エヴァンスベイ,3,,,戸崎圭太,(美),宮田敬介,社台レースホース,芝,1600,92.92,1,-0.01
2026.6.21,東京,6,未勝利,6,12, スカイリッチ,3,,,荻野極,(美),小笠倫弘,宇田豊,芝,1600,93.01,4, 0.09
2026.6.21,東京,6,未勝利,7,13, ジーティーヒラリ,3,,,上里直汰,(美),加藤和宏,田畑利彦,芝,1600,93.56,15, 0.64
2026.6.21,東京,6,未勝利,7,14, ウインドオブヘヴン,3,,,松岡正海,(美),戸田博文,DMMドリームクラブ,芝,1600,93.21,10, 0.29
2026.6.21,東京,6,未勝利,8,15, スチールギターラグ,3,,,三浦皇成,(美),鹿戸雄一,タイヘイ牧場,芝,1600,93.14,8, 0.22
2026.6.21,東京,6,未勝利,8,16, シャルムグリーン,3,,,津村明秀,(美),相沢郁,斎藤洋子,芝,1600,92.93,2, 0.01
2026.6.21,東京,7,1勝,1,1, ローズブーケ,3,,,津村明秀,(美),鈴木伸尋,ターフ・スポート,ダ,1600,97.97,8, 1.01
2026.6.21,東京,7,1勝,1,2, ハニーオーケストラ,3,,,西塚洸二,(美),稲垣幸雄,中村伊三美,ダ,1600,99.39,14, 2.43
2026.6.21,東京,7,1勝,2,3, ラルガメンテ,4,,,荻野極,(美),尾関知人,シルクレーシング,ダ,1600,98.80,12, 1.84
2026.6.21,東京,7,1勝,2,4, カサビセンス,4,,,木幡巧也,(美),新開幸一,吉田照哉,ダ,1600,98.56,11, 1.60
2026.6.21,東京,7,1勝,3,5, ヴンダーバール,3,,,戸崎圭太,(美),斎藤誠,吉田和美,ダ,1600,96.96,1,-0.43
2026.6.21,東京,7,1勝,3,6, シオンダンサー,3,,,西村淳也,(栗),斉藤崇史,前迫義幸,ダ,1600,97.55,4, 0.59
2026.6.21,東京,7,1勝,4,7, テルケンユミクイン,4,,,菊沢一樹,(美),田島俊明,桑田照夫,ダ,1600,98.37,9, 1.41
2026.6.21,東京,7,1勝,4,8, ディペンダブル,4,,,三浦皇成,(美),菊沢隆徳,G1レーシング,ダ,1600,97.44,3, 0.48
2026.6.21,東京,7,1勝,5,9, ブルーサーマル,3,,,原優介,(美),池上昌和,ゴドルフィン,ダ,1600,97.91,7, 0.95
2026.6.21,東京,7,1勝,5,10, ファンシーズ,3,,,石田拓郎,(美),尾形和幸,ローレルレーシング,ダ,1600,97.39,2, 0.43
2026.6.21,東京,7,1勝,6,11, クラリネットソナタ,4,,,ゴンサル,(美),柄崎将寿,社台レースホース,ダ,1600,97.70,6, 0.74
2026.6.21,東京,7,1勝,6,12, ジュエルハウス,4,,,丸田恭介,(栗),橋田宜長,大樹ファーム,ダ,1600,98.38,10, 1.42
2026.6.21,東京,7,1勝,7,13, リケアマカロニ,3,,,上里直汰,(美),小野次郎,稲場澄,ダ,1600,97.56,5, 0.60
2026.6.21,東京,7,1勝,7,14, ジューンミレニアム,3,,,菅原隆一,(美),鈴木慎太,吉川潤,ダ,1600,100.33,16, 3.37
2026.6.21,東京,7,1勝,8,15, ルージュミレネール,4,,,石川裕紀,(美),古賀慎明,東京ホースレーシング,ダ,1600,99.54,15, 2.58
2026.6.21,東京,7,1勝,8,16, エイミームーン,4,,,佐藤翔馬,(美),矢野英一,高岡浩行,ダ,1600,98.81,13, 1.85
2026.6.21,東京,8,1勝,1,1, ポッドロルフ,4,,,三浦皇成,(美),小野次郎,小川眞査雄,芝,1600,94.17,9, 0.46
2026.6.21,東京,8,1勝,1,2, スワローシチー,4,,,西村淳也,(美),相沢郁,友駿ホースクラブ,芝,1600,94.11,7, 0.40
2026.6.21,東京,8,1勝,2,3, ラベルセーヌ,3,,,荻野極,(美),鹿戸雄一,サンデーレーシング,芝,1600,94.10,6, 0.39
2026.6.21,東京,8,1勝,2,4,$スターチスブーケ,5,,,菊沢一樹,(美),田中勝春,ノルマンディーサラブレッドレーシング,芝,1600,94.69,16, 0.98
2026.6.21,東京,8,1勝,3,5, アトリウムチャペル,5,,,横山典弘,(美),浅利英明,社台レースホース,芝,1600,94.40,11, 0.69
2026.6.21,東京,8,1勝,3,6, ライネリーベ,4,,,ゴンサル,(美),木村哲也,DMMドリームクラブ,芝,1600,94.05,5, 0.34
2026.6.21,東京,8,1勝,4,7, スマイルカーブ,3,,,大野拓弥,(美),小手川準,保坂和孝,芝,1600,94.15,8, 0.44
2026.6.21,東京,8,1勝,4,8, マニス,4,,,上里直汰,(美),畠山吉宏,ビッグレッドファーム,芝,1600,94.46,13, 0.75
2026.6.21,東京,8,1勝,5,9, サンデースマッシュ,3,,,原優介,(美),嘉藤貴行,シルクレーシング,芝,1600,94.45,12, 0.74
2026.6.21,東京,8,1勝,5,10, タイセイアストロ,3,,,石川裕紀,(美),森一誠,田中成奉,芝,1600,93.82,2, 0.11
2026.6.21,東京,8,1勝,6,11, フェーダーローター,3,,,石神深道,(美),天間昭一,サラブレッドクラブ・ラフィアン,芝,1600,94.32,10, 0.61
2026.6.21,東京,8,1勝,6,12, モートンアイランド,3,,,戸崎圭太,(美),手塚貴久,シルクレーシング,芝,1600,93.84,3, 0.13
2026.6.21,東京,8,1勝,7,13, タイキバルドル,6,,,石田拓郎,(美),勢司和浩,大樹ファーム,芝,1600,94.59,14, 0.88
2026.6.21,東京,8,1勝,7,14, マツリダイコ,3,,,津村明秀,(美),黒岩陽一,吉田千津,芝,1600,93.93,4, 0.22
2026.6.21,東京,8,1勝,8,15, オルグジェシダ,4,,,ルメール,(美),宮田敬介,サンデーレーシング,芝,1600,93.71,1,-0.11
2026.6.21,東京,8,1勝,8,16, パーリーブラック,6,,,水沼元輝,(美),伊坂重信,吉田勝己,芝,1600,94.60,15, 0.89
2026.6.21,東京,9,2勝,1,1, ドントゥザムーン,4,,,木幡巧也,(美),高木登,山田貢一,ダ,1400,84.62,12, 0.58
2026.6.21,東京,9,2勝,1,2, ポッドドンナー,4,,,丸山元気,(栗),辻野泰之,小川眞査雄,ダ,1400,84.39,9, 0.35
2026.6.21,東京,9,2勝,2,3, ワーズワース,8,,,浜中俊,(栗),高橋一哉,カナヤマホールディングス,ダ,1400,84.79,15, 0.75
2026.6.21,東京,9,2勝,2,4, シホノペルフェット,4,,,ゴンサル,(栗),寺島良,村瀬寛紀,ダ,1400,84.67,13, 0.63
2026.6.21,東京,9,2勝,3,5, モンシェリ,5,,,松岡正海,(栗),牧田和弥,安原浩司,ダ,1400,85.08,16, 1.04
2026.6.21,東京,9,2勝,3,6, アクアマリーナ,4,,,原優介,(美),伊坂重信,ヒダカ・ブリーダーズ・ユニオン,ダ,1400,84.35,7, 0.31
2026.6.21,東京,9,2勝,4,7, フォースミラクル,4,,,ルメール,(美),加藤征弘,丸山担,ダ,1400,84.04,1,-0.01
2026.6.21,東京,9,2勝,4,8,$タカスタカスタカス,3,,,戸崎圭太,(栗),藤原英昭,高須克彌,ダ,1400,84.12,3, 0.08
2026.6.21,東京,9,2勝,5,9, マジッククッキー,3,,,大野拓弥,(美),加藤士津,小田吉男,ダ,1400,84.05,2, 0.01
2026.6.21,東京,9,2勝,5,10,*ライトオブヌカタ,3,,,石川裕紀,(栗),上村洋行,辻子依旦,ダ,1400,84.36,8, 0.32
2026.6.21,東京,9,2勝,6,11, フィドルファドル,4,,,荻野極,(栗),矢作芳人,キャロットファーム,ダ,1400,84.32,6, 0.28
2026.6.21,東京,9,2勝,6,12, サザンウォリアー,3,,,野中悠太,(美),加藤和宏,サザンホールディング,ダ,1400,84.72,14, 0.68
2026.6.21,東京,9,2勝,7,13, シュレン,4,,,菊沢一樹,(美),千葉直人,二風谷ファーム,ダ,1400,84.27,5, 0.23
2026.6.21,東京,9,2勝,7,14, ライジンマル,5,,,木幡初也,(美),竹内正洋,カカムーチョレーシング,ダ,1400,84.47,11, 0.43
2026.6.21,東京,9,2勝,8,15, キョウエイカンセ,5,,,津村明秀,(美),萱野浩二,田中晴夫,ダ,1400,84.22,4, 0.18
2026.6.21,東京,9,2勝,8,16,$ゴールデンカイト,4,,,西村淳也,(栗),中内田充,山紫水明,ダ,1400,84.44,10, 0.40
2026.6.21,東京,10,3勝,1,1, モンシュマン,5,,,ゴンサル,(美),辻哲英,社台レースホース,芝,1400,81.04,9, 0.44
2026.6.21,東京,10,3勝,1,2, モンドデラモーレ,4,,,大野拓弥,(美),千葉直人,吉田和美,芝,1400,80.97,7, 0.37
2026.6.21,東京,10,3勝,2,3, エフォートレス,5,,,丸山元気,(美),嘉藤貴行,ライオンレースホース,芝,1400,80.99,8, 0.39
2026.6.21,東京,10,3勝,2,4, グーテンベルク,4,,,戸崎圭太,(美),金成貴史,近藤英子,芝,1400,80.73,3, 0.13
2026.6.21,東京,10,3勝,3,5,$ユハンヌス,6,,,菊沢一樹,(栗),大久保龍,ゴドルフィン,芝,1400,80.93,6, 0.33
2026.6.21,東京,10,3勝,3,6, ダノンエンブレム,4,,,荻野極,(美),宮田敬介,ダノックス,芝,1400,81.09,11, 0.49
2026.6.21,東京,10,3勝,4,7, サトノヴィレ,6,,,吉田豊,(美),鹿戸雄一,里見治,芝,1400,81.08,10, 0.48
2026.6.21,東京,10,3勝,4,8, フライングブレード,6,,,石橋脩,(栗),飯田祐史,中辻明,芝,1400,81.20,13, 0.60
2026.6.21,東京,10,3勝,5,9, レッドキングリー,4,,,ルメール,(美),木村哲也,東京ホースレーシング,芝,1400,80.60,1,-0.10
2026.6.21,東京,10,3勝,5,10, ラーンザロープス,5,,,津村明秀,(栗),武幸四郎,吉田照哉,芝,1400,80.86,4, 0.26
2026.6.21,東京,10,3勝,6,11,$マックアルイーン,4,,,石川裕紀,(美),木村哲也,キャロットファーム,芝,1400,81.23,14, 0.63
2026.6.21,東京,10,3勝,6,12, マテンロウブラボー,5,,,西村淳也,(栗),野中賢二,寺田千代乃,芝,1400,80.70,2, 0.10
2026.6.21,東京,10,3勝,7,13, セシリエプラージュ,5,,,西塚洸二,(栗),中村直也,吉田照哉,芝,1400,80.92,5, 0.32
2026.6.21,東京,10,3勝,7,14, スマイルアップ,7,,,松岡正海,(美),萱野浩二,馬目勇,芝,1400,81.88,16, 1.28
2026.6.21,東京,10,3勝,8,15, ウナギノボリ,7,,,木幡巧也,(美),本間忍,小田切有一,芝,1400,81.40,15, 0.80
2026.6.21,東京,10,3勝,8,16, ウインオーディン,6,,,原優介,(美),鹿戸雄一,ウイン,芝,1400,81.17,12, 0.57
2026.6.21,東京,11,Ｇ３,1,1, マカナ,4,17.0,8,松岡正海,(美),伊藤大士,ニッシンホールディングス,芝,1800,106.16,14, 0.93
2026.6.21,東京,11,Ｇ３,1,2, ウイントワイライト,4,15.6,7,横山典弘,(栗),西園翔太,ウイン,芝,1800,105.30,3, 0.07
2026.6.21,東京,11,Ｇ３,2,3, ブラウンラチェット,4,80.4,14,丸山元気,(美),手塚貴久,サンデーレーシング,芝,1800,105.89,13, 0.66
2026.6.21,東京,11,Ｇ３,2,4, ミアネーロ,5,86.4,15,大野拓弥,(美),林徹,シルクレーシング,芝,1800,106.69,16, 1.46
2026.6.21,東京,11,Ｇ３,3,5, エストゥペンダ,4,8.0,4,荻野極,(美),高柳瑞樹,"Viridian Keiba Club",芝,1800,105.54,5, 0.31
2026.6.21,東京,11,Ｇ３,3,6, ヴァルキリーバース,4,3.0,1,ルメール,(美),田中博康,サンデーレーシング,芝,1800,105.23,1,-0.06
2026.6.21,東京,11,Ｇ３,4,7, セキトバイースト,5,11.6,6,浜中俊,(栗),四位洋文,TNレーシング,芝,1800,105.29,2, 0.06
2026.6.21,東京,11,Ｇ３,4,8, ニシノティアモ,5,7.1,3,津村明秀,(美),上原佑紀,西山茂行,芝,1800,105.65,10, 0.42
2026.6.21,東京,11,Ｇ３,5,9, テリオスララ,4,34.1,12,ゴンサル,(美),田島俊明,鈴木美江子,芝,1800,105.60,8, 0.37
2026.6.21,東京,11,Ｇ３,5,10,$ホールネス,6,27.4,10,三浦皇成,(栗),藤原英昭,ゴドルフィン,芝,1800,105.63,9, 0.40
2026.6.21,東京,11,Ｇ３,6,11, テレサ,4,29.3,11,戸崎圭太,(栗),杉山晴紀,近藤英子,芝,1800,105.66,11, 0.43
2026.6.21,東京,11,Ｇ３,6,12, コガネノソラ,5,6.0,2,菊沢一樹,(美),菊沢隆徳,ビッグレッドファーム,芝,1800,105.55,6, 0.32
2026.6.21,東京,11,Ｇ３,7,13, ビップデイジー,4,50.4,13,西村淳也,(栗),松下武士,鈴木邦英,芝,1800,105.86,12, 0.63
2026.6.21,東京,11,Ｇ３,7,14, パラディレーヌ,4,21.1,9,原優介,(栗),千田輝彦,岡田牧雄,芝,1800,105.56,7, 0.33
2026.6.21,東京,11,Ｇ３,8,15, ルージュソリテール,4,11.6,5,西塚洸二,(栗),藤原英昭,東京ホースレーシング,芝,1800,105.34,4, 0.11
2026.6.21,東京,11,Ｇ３,8,16, セントメモリーズ,5,118.1,16,木幡巧也,(美),松尾卓哉,キャロットファーム,芝,1800,106.47,15, 1.24
2026.6.21,東京,12,1勝,1,1,$アンティミスト,3,,,津村明秀,(美),鈴木伸尋,社台レースホース,ダ,1400,84.81,3, 0.18
2026.6.21,東京,12,1勝,1,2, ディクシーヴォーグ,4,,,水沼元輝,(美),菊川正達,ウエスト.フォレスト.ステイブル,ダ,1400,86.81,16, 2.18
2026.6.21,東京,12,1勝,2,3, アイスブレイカー,5,,,柴田大知,(美),伊藤伸一,ミルファーム,ダ,1400,85.63,11, 1.00
2026.6.21,東京,12,1勝,2,4, タリスマン,5,,,伊藤工真,(美),金成貴史,リトルブルーファーム,ダ,1400,85.86,12, 1.23
2026.6.21,東京,12,1勝,3,5, カンレイスター,3,,,荻野極,(美),矢野英一,那須野牧場,ダ,1400,85.10,6, 0.47
2026.6.21,東京,12,1勝,3,6, ツマヤ,5,,,吉田豊,(美),小野次郎,林秀宣,ダ,1400,86.22,13, 1.59
2026.6.21,東京,12,1勝,4,7, シャオシンユン,4,,,原優介,(美),奥村武,奥田貴敏,ダ,1400,86.55,15, 1.92
2026.6.21,東京,12,1勝,4,8, エフエイト,5,,,野中悠太,(美),小野次郎,野村一雄,ダ,1400,85.41,9, 0.78
2026.6.21,東京,12,1勝,5,9, アルプスオジョー,5,,,石田拓郎,(美),手塚貴徳,ターフ・スポート,ダ,1400,85.29,8, 0.66
2026.6.21,東京,12,1勝,5,10, スタームーンナイト,3,,,ゴンサル,(美),中舘英二,中村祐子,ダ,1400,84.63,1,-0.16
2026.6.21,東京,12,1勝,6,11, ペロ,5,,,丸山元気,(美),浅利英明,天野克彦,ダ,1400,85.11,7, 0.48
2026.6.21,東京,12,1勝,6,12, レイズテンペスト,3,,,西村淳也,(美),中川公成,吉井盛治,ダ,1400,84.90,4, 0.27
2026.6.21,東京,12,1勝,7,13, タヤスロレンヌ,3,,,江田照男,(美),岩戸孝樹,横瀬兼二,ダ,1400,85.48,10, 0.85
2026.6.21,東京,12,1勝,7,14, グランドフォレスト,5,,,上里直汰,(美),室井潔,プレディクトレーシング,ダ,1400,86.47,14, 1.84
2026.6.21,東京,12,1勝,8,15, タイキブリッツェン,3,,,三浦皇成,(美),伊藤圭三,大樹ファーム,ダ,1400,84.96,5, 0.33
2026.6.21,東京,12,1勝,8,16, ロードトライデント,3,,,菊沢一樹,(美),千葉直人,ロードホースクラブ,ダ,1400,84.79,2, 0.16
2026.6.21,阪神,1,未勝利,1,1, メイショウナナユキ,3,,,菱田裕二,(栗),牧浦充徳,松本好隆,ダ,1400,85.19,1,-0.26
2026.6.21,阪神,1,未勝利,1,2, ファイナルコマンド,3,,,森田誠也,(栗),東田明士,DMMドリームクラブ,ダ,1400,88.83,16, 3.64
2026.6.21,阪神,1,未勝利,2,3, ゴールドアーチ,3,,,岩田望来,(栗),坂口智康,加藤充彦,ダ,1400,85.80,4, 0.61
2026.6.21,阪神,1,未勝利,2,4, ムソウテンセイ,3,,,藤懸貴志,(栗),鈴木孝志,山口敦広,ダ,1400,86.89,11, 1.70
2026.6.21,阪神,1,未勝利,3,5, ミヤノラングリー,3,,,太宰啓介,(栗),石橋守,宮副敏明,ダ,1400,86.63,8, 1.44
2026.6.21,阪神,1,未勝利,3,6, ペコリズム,3,,,幸英明,(栗),森田直行,林正道,ダ,1400,86.98,12, 1.79
2026.6.21,阪神,1,未勝利,4,7, アイアン,3,,,Ｍ．デム,(栗),辻野泰之,石川達絵,ダ,1400,86.65,9, 1.46
2026.6.21,阪神,1,未勝利,4,8, サクライロマウコロ,3,,,田山旺佑,(栗),小椋研介,社台レースホース,ダ,1400,87.35,13, 2.16
2026.6.21,阪神,1,未勝利,5,9, テーオーシーザー,3,,,秋山稔樹,(栗),宮徹,小笹公也,ダ,1400,88.48,15, 3.29
2026.6.21,阪神,1,未勝利,5,10, モチモチチャン,3,,,吉村誠之,(栗),西村真幸,大和屋暁,ダ,1400,86.20,5, 1.01
2026.6.21,阪神,1,未勝利,6,11, サンライズフリード,3,,,城戸義政,(栗),小林真也,松岡隆雄,ダ,1400,86.29,6, 1.10
2026.6.21,阪神,1,未勝利,6,12, ベストレイク,3,,,小崎綾也,(栗),小崎憲,オールベスト,ダ,1400,86.40,7, 1.21
2026.6.21,阪神,1,未勝利,7,13, コラカオ,3,,,北村友一,(栗),坂口智康,吉田和美,ダ,1400,87.47,14, 2.28
2026.6.21,阪神,1,未勝利,7,14, マイベスティー,3,,,長岡禎仁,(栗),高橋亮,増田江利子,ダ,1400,85.54,3, 0.35
2026.6.21,阪神,1,未勝利,8,15, シャンジュマン,3,,,泉谷楓真,(栗),奥村豊,幅田昌伸,ダ,1400,86.88,10, 1.69
2026.6.21,阪神,1,未勝利,8,16, オアシスアラン,3,,,坂井瑠星,(栗),高柳大輔,村上稔,ダ,1400,85.45,2, 0.26
2026.6.21,阪神,2,未勝利,1,1, バトルセレーネ,3,,,田口貫太,(栗),吉村圭司,小林英一ホールディングス,芝,1600,93.30,14, 0.21
2026.6.21,阪神,2,未勝利,1,2, ムーンライトダイヤ,3,,,秋山稔樹,(栗),河嶋宏樹,ヒダカ・ブリーダーズ・ユニオン,芝,1600,93.25,9, 0.16
2026.6.21,阪神,2,未勝利,2,3, パノラマステージ,3,,,国分優作,(栗),牧浦充徳,吉田勝己,芝,1600,93.24,8, 0.15
2026.6.21,阪神,2,未勝利,2,4, リアライズブルーム,3,,,田山旺佑,(栗),須貝尚介,今福洋介,芝,1600,93.29,13, 0.20
2026.6.21,阪神,2,未勝利,3,5, ジーティーメティオ,3,,,坂井瑠星,(栗),矢作芳人,田畑利彦,芝,1600,93.09,1,-0.01
2026.6.21,阪神,2,未勝利,3,6, ビタールート,3,,,北村友一,(栗),奥村豊,シルクレーシング,芝,1600,93.28,12, 0.19
2026.6.21,阪神,2,未勝利,4,7, ブライトエンジェル,3,,,角田大和,(栗),角田晃一,前田幸貴,芝,1600,93.23,7, 0.14
2026.6.21,阪神,2,未勝利,4,8, セルヴァジオ,3,,,富田暁,(栗),上村洋行,杉山忠国,芝,1600,93.19,5, 0.10
2026.6.21,阪神,2,未勝利,5,9, オレンジフィールド,3,,,亀田温心,(栗),北出成人,黒川暁子,芝,1600,93.18,4, 0.09
2026.6.21,阪神,2,未勝利,5,10, ローズラフィネ,3,,,小崎綾也,(栗),友道康夫,平井裕,芝,1600,93.10,2, 0.01
2026.6.21,阪神,2,未勝利,6,11, スリーロンドン,3,,,池添謙一,(栗),中竹和也,永井商事,芝,1600,93.17,3, 0.08
2026.6.21,阪神,2,未勝利,6,12, フォルストランキル,3,,,松山弘平,(栗),池江泰寿,キャロットファーム,芝,1600,93.20,6, 0.11
2026.6.21,阪神,2,未勝利,7,13, メイショウバルキア,3,,,太宰啓介,(栗),渡辺薫彦,松本好隆,芝,1600,93.32,16, 0.23
2026.6.21,阪神,2,未勝利,7,14, ロンポワン,3,,,松若風馬,(栗),辻野泰之,社台レースホース,芝,1600,93.27,11, 0.18
2026.6.21,阪神,2,未勝利,7,15, タイセイアビオン,3,,,藤懸貴志,(栗),浜田多実,田中成奉,芝,1600,93.31,15, 0.22
2026.6.21,阪神,2,未勝利,8,16, ミスティパープル,3,,,永島まな,(栗),茶木太樹,キャロットファーム,芝,1600,93.38,17, 0.29
2026.6.21,阪神,2,未勝利,8,17, スマートティアナ,3,,,岩田望来,(栗),石橋守,大川徹,芝,1600,93.26,10, 0.17
2026.6.21,阪神,2,未勝利,8,18, クリスタルタワー,3,,,今村聖奈,(栗),寺島良,レッドマジック,芝,1600,93.41,18, 0.32
2026.6.21,阪神,3,未勝利,1,1, ジャスティンゴッホ,3,,,松山弘平,(栗),茶木太樹,三木正浩,ダ,1800,116.26,8, 1.90
2026.6.21,阪神,3,未勝利,1,2,$カフラー,3,,,高杉吏麒,(栗),矢作芳人,広尾レース,ダ,1800,116.97,13, 2.61
2026.6.21,阪神,3,未勝利,2,3, カフジマリボー,3,,,永島まな,(栗),中竹和也,加藤千豊,ダ,1800,117.13,14, 2.77
2026.6.21,阪神,3,未勝利,2,4, ピースビート,3,,,菱田裕二,(栗),中村直也,林正道,ダ,1800,116.30,9, 1.94
2026.6.21,阪神,3,未勝利,3,5,$マイカラー,3,,,酒井学,(栗),吉岡辰弥,山口裕介,ダ,1800,114.55,2, 0.19
2026.6.21,阪神,3,未勝利,3,6, タイキジュビリー,3,,,国分優作,(栗),辻野泰之,大樹ファーム,ダ,1800,116.17,6, 1.81
2026.6.21,阪神,3,未勝利,4,7, アングランパ,3,,,幸英明,(栗),田中克典,前田晋二,ダ,1800,116.24,7, 1.88
2026.6.21,阪神,3,未勝利,4,8, ハオカノア,3,,,小崎綾也,(栗),小崎憲,山住俊晃,ダ,1800,114.73,3, 0.37
2026.6.21,阪神,3,未勝利,5,9, ギフテッドスペック,3,,,秋山稔樹,(栗),小椋研介,京都ホースレーシング,ダ,1800,116.50,11, 2.14
2026.6.21,阪神,3,未勝利,5,10, キタノシリウス,3,,,中井裕二,(栗),坂口智康,北所直人,ダ,1800,117.78,15, 3.42
2026.6.21,阪神,3,未勝利,6,11, ウルトラハート,3,,,角田大和,(栗),中尾秀正,中野義一,ダ,1800,114.36,1,-0.19
2026.6.21,阪神,3,未勝利,6,12, ゴルトミュンツェ,3,,,亀田温心,(栗),高柳大輔,田畑憲士,ダ,1800,117.86,16, 3.50
2026.6.21,阪神,3,未勝利,7,13, ハナコトバ,3,,,今村聖奈,(栗),寺島良,飛野牧場,ダ,1800,116.36,10, 2.00
2026.6.21,阪神,3,未勝利,7,14, ワンダーシャッフル,3,,,太宰啓介,(栗),渡辺薫彦,山本能成,ダ,1800,115.87,4, 1.51
2026.6.21,阪神,3,未勝利,8,15, ボーントゥウォリア,3,,,岩田望来,(栗),奥村豊,ターフ・スポート,ダ,1800,116.16,5, 1.80
2026.6.21,阪神,3,未勝利,8,16, ニミッツハイウェイ,3,,,柴田裕一,(栗),梅田智之,社台レースホース,ダ,1800,116.73,12, 2.37
2026.6.21,阪神,4,未勝利,1,1, レーヴドリュヌ,3,,,松若風馬,(栗),宮本博,ターフ・スポート,芝,2400,147.99,12, 1.91
2026.6.21,阪神,4,未勝利,1,2, ルクスディグニティ,3,,,横山和生,(栗),昆貢,ルクス,芝,2400,146.08,1,-0.58
2026.6.21,阪神,4,未勝利,2,3, トライアンドエラー,3,,,田山旺佑,(栗),加藤公太,酒井孝敏,芝,2400,147.46,9, 1.38
2026.6.21,阪神,4,未勝利,2,4, レッドフレーザー,3,,,坂井瑠星,(栗),矢作芳人,東京ホースレーシング,芝,2400,147.05,5, 0.97
2026.6.21,阪神,4,未勝利,3,5, シャンドラファール,3,,,松山弘平,(栗),井上智史,キャロットファーム,芝,2400,147.25,6, 1.17
2026.6.21,阪神,4,未勝利,3,6, ナムラヴンダー,3,,,幸英明,(栗),河嶋宏樹,奈村睦弘,芝,2400,146.66,2, 0.58
2026.6.21,阪神,4,未勝利,4,7, ハギノデュア,3,,,藤懸貴志,(栗),高野友和,安岡美津子,芝,2400,150.06,17, 3.98
2026.6.21,阪神,4,未勝利,4,8, キービート,3,,,秋山稔樹,(栗),宮徹,北前孔一郎,芝,2400,147.62,10, 1.54
2026.6.21,阪神,4,未勝利,5,9, ボールドペイト,3,,,酒井学,(栗),千田輝彦,増田陽一,芝,2400,150.14,18, 4.06
2026.6.21,阪神,4,未勝利,5,10, ボッチョ,3,,,川端海翼,(栗),石坂公一,ヒダカ・ブリーダーズ・ユニオン,芝,2400,148.38,13, 2.30
2026.6.21,阪神,4,未勝利,6,11, マヤノイマジン,3,,,今村聖奈,(栗),矢作芳人,田所英子,芝,2400,149.42,15, 3.34
2026.6.21,阪神,4,未勝利,6,12, ラピス,3,,,Ｍ．デム,(栗),安田翔伍,寺田寿男,芝,2400,147.28,7, 1.20
2026.6.21,阪神,4,未勝利,7,13, ラッキーシグネチャ,3,,,北村友一,(栗),矢作芳人,張月勝,芝,2400,146.86,4, 0.78
2026.6.21,阪神,4,未勝利,7,14, ジュンクロノシップ,3,,,国分優作,(栗),浜田多実,JKレーシング,芝,2400,149.53,16, 3.45
2026.6.21,阪神,4,未勝利,7,15, バディ,3,,,太宰啓介,(栗),四位洋文,寺田寿男,芝,2400,147.38,8, 1.30
2026.6.21,阪神,4,未勝利,8,16, ワンダースアン,3,,,森田誠也,(栗),斉藤崇史,山本能成,芝,2400,148.79,14, 2.71
2026.6.21,阪神,4,未勝利,8,17, フィエールシャンテ,3,,,高杉吏麒,(栗),小椋研介,ノルマンディーサラブレッドレーシング,芝,2400,146.85,3, 0.77
2026.6.21,阪神,4,未勝利,8,18, ベルドゥニュイ,3,,,富田暁,(栗),矢作芳人,江馬由将,芝,2400,147.91,11, 1.83
2026.6.21,阪神,5,新馬,1,1, ジーティーキャメル,2,,,岩田望来,(栗),宮地貴稔,田畑利彦,芝,1600,94.48,7, 0.34
2026.6.21,阪神,5,新馬,2,2, ヴィヴェローネ,2,,,松山弘平,(栗),高野友和,社台レースホース,芝,1600,94.27,2, 0.13
2026.6.21,阪神,5,新馬,3,3, ブレイクガール,2,,,坂井瑠星,(栗),武幸四郎,藤田晋,芝,1600,94.32,3, 0.18
2026.6.21,阪神,5,新馬,4,4, ドラゴンドール,2,,,Ｍ．デム,(栗),大久保龍,落合幸弘,芝,1600,94.39,4, 0.25
2026.6.21,阪神,5,新馬,5,5, トップチェッカー,2,,,北村友一,(栗),武英智,シルクレーシング,芝,1600,94.50,8, 0.36
2026.6.21,阪神,5,新馬,6,6, マーゴットマシェリ,2,,,池添謙一,(栗),小林真也,前田良平,芝,1600,94.40,5, 0.26
2026.6.21,阪神,5,新馬,7,7, メイケイリチャード,2,,,幸英明,(栗),中竹和也,名古屋競馬,芝,1600,94.46,6, 0.32
2026.6.21,阪神,5,新馬,8,8,$バクソウシャチョウ,2,,,川田将雅,(栗),森秀行,ミキハウスHKサービス,芝,1600,94.53,9, 0.39
2026.6.21,阪神,5,新馬,8,9, フランヴィア,2,,,高杉吏麒,(栗),庄野靖志,幅田昌伸,芝,1600,94.14,1,-0.13
2026.6.21,阪神,6,未勝利,1,1, ネッカーズルム,3,,,高杉吏麒,(栗),藤野健太,栗山学,芝,1400,81.26,4, 0.05
2026.6.21,阪神,6,未勝利,1,2, アラビアンジョイ,3,,,松山弘平,(栗),高橋一哉,飯田良枝,芝,1400,81.27,5, 0.06
2026.6.21,阪神,6,未勝利,2,3, レイノルズナンバー,3,,,幸英明,(栗),大久保龍,風早信昭,芝,1400,81.41,14, 0.20
2026.6.21,阪神,6,未勝利,2,4, アステリアート,3,,,富田暁,(栗),高橋義忠,OHEレーシング,芝,1400,81.40,13, 0.19
2026.6.21,阪神,6,未勝利,3,5, ラルス,3,,,池添謙一,(栗),吉田直弘,ターフ・スポート,芝,1400,81.38,11, 0.17
2026.6.21,阪神,6,未勝利,3,6, リントゥラウル,3,,,酒井学,(栗),秋山真一,ノースヒルズ,芝,1400,81.29,7, 0.08
2026.6.21,阪神,6,未勝利,4,7, レジーナテンペスタ,3,,,高倉稜,(栗),前川恭子,生垣博志,芝,1400,82.27,18, 1.06
2026.6.21,阪神,6,未勝利,4,8, オーケーエレガンス,3,,,泉谷楓真,(栗),奥村豊,小野建,芝,1400,81.37,10, 0.16
2026.6.21,阪神,6,未勝利,5,9, ルージュスプリヤ,3,,,森田誠也,(栗),斉藤崇史,東京ホースレーシング,芝,1400,81.21,1,-0.03
2026.6.21,阪神,6,未勝利,5,10, グランピアン,3,,,松若風馬,(栗),森田直行,村島聡乃,芝,1400,81.32,8, 0.11
2026.6.21,阪神,6,未勝利,6,11, ウォーターブビンガ,3,,,田山旺佑,(栗),藤野健太,山岡正人,芝,1400,81.24,2, 0.03
2026.6.21,阪神,6,未勝利,6,12, サカトクフェイス,3,,,今村聖奈,(栗),今野貞一,STレーシング,芝,1400,81.39,12, 0.18
2026.6.21,阪神,6,未勝利,7,13, エクスプロウド,3,,,小崎綾也,(栗),高橋一哉,"GET NEXT",芝,1400,81.52,17, 0.31
2026.6.21,阪神,6,未勝利,7,14, ケイアイブラック,3,,,藤懸貴志,(栗),梅田智之,亀田和弘,芝,1400,81.49,16, 0.28
2026.6.21,阪神,6,未勝利,7,15, トゥスコラーナ,3,,,北村友一,(栗),松永幹夫,シルクレーシング,芝,1400,81.36,9, 0.15
2026.6.21,阪神,6,未勝利,8,16, カルロット,3,,,坂井瑠星,(栗),武幸四郎,キーファーズ,芝,1400,81.28,6, 0.07
2026.6.21,阪神,6,未勝利,8,17, マティンデ,3,,,吉村誠之,(栗),清水久詞,中辻明,芝,1400,81.25,3, 0.04
2026.6.21,阪神,6,未勝利,8,18, プペアンビスキュイ,3,,,亀田温心,(栗),茶木太樹,吉田勝己,芝,1400,81.48,15, 0.27
2026.6.21,阪神,7,1勝,1,1, インピッシュ,4,,,池添謙一,(栗),中尾秀正,ノルマンディーサラブレッドレーシング,ダ,1400,85.33,11, 0.64
2026.6.21,阪神,7,1勝,1,2, タイセイレグノ,4,,,国分優作,(栗),浜田多実,田中成奉,ダ,1400,85.22,10, 0.53
2026.6.21,阪神,7,1勝,2,3, ジューンアゲイン,3,,,吉村誠之,(栗),長谷川浩,吉川潤,ダ,1400,84.89,4, 0.20
2026.6.21,阪神,7,1勝,2,4, ハッコウイチウ,4,,,坂井瑠星,(栗),杉山晴紀,NICKS,ダ,1400,84.96,5, 0.27
2026.6.21,阪神,7,1勝,3,5, シュテルンビルト,4,,,北村友一,(栗),森田直行,三田昌宏,ダ,1400,84.85,3, 0.16
2026.6.21,阪神,7,1勝,3,6, シンギタイ,4,,,田口貫太,(栗),庄野靖志,程田真司,ダ,1400,85.95,15, 1.26
2026.6.21,阪神,7,1勝,4,7, アレーティア,4,,,川須栄彦,(栗),田中克典,水上行雄,ダ,1400,86.09,16, 1.40
2026.6.21,阪神,7,1勝,4,8, ドレアンティア,5,,,田山旺佑,(栗),飯田祐史,YGGホースクラブ,ダ,1400,85.92,14, 1.23
2026.6.21,阪神,7,1勝,5,9, アパレイユ,3,,,岩田望来,(栗),西園翔太,幅田昌伸,ダ,1400,84.69,1,-0.15
2026.6.21,阪神,7,1勝,5,10, ビスケットアソート,3,,,富田暁,(栗),武英智,グリーンファーム,ダ,1400,85.06,8, 0.37
2026.6.21,阪神,7,1勝,6,11, キアヌ,4,,,小崎綾也,(栗),小崎憲,ニッシンホールディングス,ダ,1400,85.43,12, 0.74
2026.6.21,阪神,7,1勝,6,12, エイシンマールス,4,,,松山弘平,(栗),今野貞一,栄進堂,ダ,1400,85.03,6, 0.34
2026.6.21,阪神,7,1勝,7,13, ラッキーバック,3,,,Ｍ．デム,(栗),西村真幸,吉田和美,ダ,1400,85.05,7, 0.36
2026.6.21,阪神,7,1勝,7,14, ゴッドカインド,5,,,今村聖奈,(栗),飯田祐史,中西憲治,ダ,1400,85.69,13, 1.00
2026.6.21,阪神,7,1勝,8,15, エブリデイ,3,,,高杉吏麒,(栗),北出成人,馬目勇,ダ,1400,84.84,2, 0.15
2026.6.21,阪神,7,1勝,8,16, グディンナ,5,,,藤懸貴志,(栗),牧田和弥,永田和彦,ダ,1400,85.16,9, 0.47
2026.6.21,阪神,8,1勝,1,1, ジェルソミーノ,3,,,森田誠也,(栗),牧田和弥,永田和彦,芝,2000,123.45,8, 3.50
2026.6.21,阪神,8,1勝,2,2, サリーチェ,4,,,亀田温心,(栗),池添学,シルクレーシング,芝,2000,121.67,7, 1.72
2026.6.21,阪神,8,1勝,3,3, アーリーハーベスト,3,,,坂井瑠星,(栗),小林真也,吉田和美,芝,2000,120.10,2, 0.15
2026.6.21,阪神,8,1勝,4,4, メイショウピリカ,4,,,今村聖奈,(栗),本田優,松本好隆,芝,2000,121.42,6, 1.47
2026.6.21,阪神,8,1勝,5,5, エイシンウィスパー,3,,,松若風馬,(栗),今野貞一,栄進堂,芝,2000,120.33,3, 0.38
2026.6.21,阪神,8,1勝,6,6, コニーアイランド,3,,,川田将雅,(栗),中内田充,サンデーレーシング,芝,2000,119.95,1,-0.15
2026.6.21,阪神,8,1勝,7,7, リオンプライム,4,,,田口貫太,(栗),鈴木孝志,ヒダカ・ブリーダーズ・ユニオン,芝,2000,121.11,5, 1.16
2026.6.21,阪神,8,1勝,8,8, ベルシュヴァル,3,,,吉村誠之,(栗),中村直也,ノルマンディーサラブレッドレーシング,芝,2000,120.81,4, 0.86
2026.6.21,阪神,9,2勝,1,1, ステラクラウン,5,,,岩田望来,(栗),上村洋行,下河辺牧場,芝,2000,119.23,2, 0.57
2026.6.21,阪神,9,2勝,2,2, ロードガレリア,4,,,高杉吏麒,(栗),藤岡健一,ロードホースクラブ,芝,2000,119.43,4, 0.77
2026.6.21,阪神,9,2勝,3,3, ダノンカゼルタ,4,,,Ｍ．デム,(栗),寺島良,ダノックス,芝,2000,119.25,3, 0.59
2026.6.21,阪神,9,2勝,4,4, ミカエルパシャ,5,,,北村友一,(栗),橋口慎介,迫田三果子,芝,2000,119.94,6, 1.28
2026.6.21,阪神,9,2勝,5,5, カリーニョ,5,,,坂井瑠星,(栗),杉山晴紀,近藤英子,芝,2000,118.66,1,-0.57
2026.6.21,阪神,9,2勝,6,6, ラーテル,6,,,城戸義政,(美),室井潔,Mr.ホース,芝,2000,120.62,7, 1.96
2026.6.21,阪神,9,2勝,7,7, エコテーラー,5,,,藤懸貴志,(栗),石橋守,中西浩一,芝,2000,119.70,5, 1.04
2026.6.21,阪神,10,3勝,1,1, トウカイポワール,5,,,亀田温心,(栗),北出成人,内村正則,ダ,1800,114.69,16, 1.37
2026.6.21,阪神,10,3勝,1,2, メイショウシナノ,6,,,菱田裕二,(栗),大橋勇樹,松本好隆,ダ,1800,113.44,4, 0.12
2026.6.21,阪神,10,3勝,2,3,$アークドール,5,,,Ｍ．デム,(栗),松永幹夫,インゼルレーシング,ダ,1800,113.61,9, 0.29
2026.6.21,阪神,10,3勝,2,4, ティンティンデオ,5,,,松若風馬,(栗),小崎憲,風早信昭,ダ,1800,114.44,15, 1.12
2026.6.21,阪神,10,3勝,3,5, ヒロノラメール,5,,,吉村誠之,(栗),宮地貴稔,高原将浩,ダ,1800,113.74,10, 0.42
2026.6.21,阪神,10,3勝,3,6, ルクスフレンジー,4,,,酒井学,(栗),松永幹夫,ルクス,ダ,1800,113.50,6, 0.18
2026.6.21,阪神,10,3勝,4,7, タマモキャリコ,5,,,富田暁,(栗),宮地貴稔,タマモ,ダ,1800,113.59,8, 0.27
2026.6.21,阪神,10,3勝,4,8, パシアンジャン,5,,,田口貫太,(栗),鈴木孝志,吉田智,ダ,1800,113.34,2, 0.02
2026.6.21,阪神,10,3勝,5,9, アカデミア,4,,,坂井瑠星,(栗),杉山晴紀,近藤英子,ダ,1800,113.43,3, 0.11
2026.6.21,阪神,10,3勝,5,10, ロフティストーリー,4,,,横山和生,(美),久保田貴,G1レーシング,ダ,1800,113.45,5, 0.13
2026.6.21,阪神,10,3勝,6,11, ルクスビッグスター,6,,,小崎綾也,(栗),清水久詞,ルクス,ダ,1800,113.97,12, 0.65
2026.6.21,阪神,10,3勝,6,12, キュールエフウジン,7,,,角田大和,(栗),中尾秀正,岡本良三,ダ,1800,114.17,13, 0.85
2026.6.21,阪神,10,3勝,7,13, ペイシャモノノフ,6,,,池添謙一,(栗),畑端省吾,北所直人,ダ,1800,114.30,14, 0.98
2026.6.21,阪神,10,3勝,7,14, レヴァンテシチー,4,,,松山弘平,(栗),柴田卓,友駿ホースクラブ,ダ,1800,113.32,1,-0.02
2026.6.21,阪神,10,3勝,8,15, ロカヒ,4,,,幸英明,(栗),飯田祐史,前田幸治,ダ,1800,113.51,7, 0.19
2026.6.21,阪神,10,3勝,8,16, ウィンターダフネ,6,,,柴田裕一,(栗),橋田宜長,金子真人ホールディングス,ダ,1800,113.78,11, 0.46
2026.6.21,阪神,11,Ｇ３,1,1, スマートワイス,5,25.0,10,川田将雅,(栗),大久保龍,大川徹,芝,1600,92.74,8, 0.36
2026.6.21,阪神,11,Ｇ３,1,2, ファインライン,5,37.2,12,小崎綾也,(栗),松永幹夫,窪田芳郎,芝,1600,92.67,4, 0.29
2026.6.21,阪神,11,Ｇ３,2,3, メイショウシンタケ,8,85.2,17,太宰啓介,(栗),千田輝彦,松本好隆,芝,1600,93.22,16, 0.84
2026.6.21,阪神,11,Ｇ３,2,4, ブエナオンダ,5,47.3,14,田口貫太,(栗),須貝尚介,金子真人ホールディングス,芝,1600,92.56,3, 0.18
2026.6.21,阪神,11,Ｇ３,3,5, ファーヴェント,5,8.6,4,高杉吏麒,(栗),藤原英昭,キャロットファーム,芝,1600,92.78,10, 0.40
2026.6.21,阪神,11,Ｇ３,3,6,$シンフォーエバー,4,95.2,18,吉村誠之,(栗),森秀行,藤田晋,芝,1600,93.50,18, 1.12
2026.6.21,阪神,11,Ｇ３,4,7, キープカルム,5,17.5,7,坂井瑠星,(栗),中竹和也,前田晋二,芝,1600,92.38,1,-0.12
2026.6.21,阪神,11,Ｇ３,4,8, サイルーン,7,9.7,5,岩田望来,(美),堀宣行,金子真人ホールディングス,芝,1600,92.71,7, 0.33
2026.6.21,阪神,11,Ｇ３,5,9, ファンダム,4,7.4,3,北村宏司,(美),辻哲英,キャロットファーム,芝,1600,92.75,9, 0.37
2026.6.21,阪神,11,Ｇ３,5,10, エルトンバローズ,6,21.9,9,松若風馬,(栗),杉山晴紀,猪熊広次,芝,1600,92.69,5, 0.31
2026.6.21,阪神,11,Ｇ３,6,11, エコロアルバ,3,3.0,1,横山和生,(美),田村康仁,原村正紀,芝,1600,92.94,12, 0.56
2026.6.21,阪神,11,Ｇ３,6,12, カズミクラーシュ,5,20.3,8,幸英明,(栗),吉岡辰弥,吉田和美,芝,1600,92.81,11, 0.43
2026.6.21,阪神,11,Ｇ３,7,13, メタルスピード,6,59.1,15,菱田裕二,(美),斎藤誠,"Him Rock Racingホールディングス",芝,1600,93.26,17, 0.88
2026.6.21,阪神,11,Ｇ３,7,14, ミニトランザット,4,7.3,2,松山弘平,(栗),杉山佳明,谷掛龍夫,芝,1600,92.50,2, 0.12
2026.6.21,阪神,11,Ｇ３,7,15, ショウナンアデイブ,7,39.5,13,池添謙一,(栗),高野友和,国本哲秀,芝,1600,93.02,15, 0.64
2026.6.21,阪神,11,Ｇ３,8,16, スリールミニョン,4,60.6,16,永島まな,(栗),高橋康之,福盛訓之,芝,1600,92.99,14, 0.61
2026.6.21,阪神,11,Ｇ３,8,17, スイープアワーズ,6,11.7,6,国分優作,(栗),宮地貴稔,大塚亮一,芝,1600,92.70,6, 0.32
2026.6.21,阪神,11,Ｇ３,8,18, タガノエルピーダ,5,37.1,11,亀田温心,(栗),斉藤崇史,八木良司,芝,1600,92.95,13, 0.57
2026.6.21,阪神,12,2勝,1,1, キングロコマイカイ,7,,,森田誠也,(栗),畑端省吾,大和屋暁,ダ,1800,115.09,11, 1.64
2026.6.21,阪神,12,2勝,2,2, クリノフィガロ,5,,,幸英明,(栗),荒川義之,栗本依利子,ダ,1800,113.87,2, 0.42
2026.6.21,阪神,12,2勝,3,3, ソウルアンドジャズ,5,,,川須栄彦,(美),武井亮,グリーンファーム,ダ,1800,114.53,7, 1.08
2026.6.21,阪神,12,2勝,4,4,$クロノスバレット,4,,,松山弘平,(栗),吉村圭司,山田有暉朗,ダ,1800,113.90,3, 0.45
2026.6.21,阪神,12,2勝,4,5, ジーニアスバローズ,6,,,松若風馬,(栗),辻野泰之,猪熊広次,ダ,1800,115.02,10, 1.57
2026.6.21,阪神,12,2勝,5,6,$エリカヴェネチア,5,,,北村友一,(栗),吉岡辰弥,三木正浩,ダ,1800,114.62,9, 1.17
2026.6.21,阪神,12,2勝,5,7, メイショウマントル,8,,,藤懸貴志,(栗),安達昭夫,松本和子,ダ,1800,114.57,8, 1.12
2026.6.21,阪神,12,2勝,6,8, フラッシング,5,,,田山旺佑,(栗),牧浦充徳,マークス,ダ,1800,114.30,5, 0.85
2026.6.21,阪神,12,2勝,6,9, エンマ,4,,,高倉稜,(栗),武英智,村木慎吾,ダ,1800,114.31,6, 0.86
2026.6.21,阪神,12,2勝,7,10, ダディーズトリップ,10,,,岩田望来,(栗),千田輝彦,田島大史,ダ,1800,115.61,13, 2.16
2026.6.21,阪神,12,2勝,7,11, ハッピーダンチャン,4,,,国分優作,(栗),小椋研介,三宅勝俊,ダ,1800,115.47,12, 2.02
2026.6.21,阪神,12,2勝,8,12, タガノアバンドーネ,3,,,川田将雅,(栗),角田晃一,八木昌司,ダ,1800,113.45,1,-0.42
2026.6.21,阪神,12,2勝,8,13, レッドリベルタ,5,,,田口貫太,(栗),庄野靖志,東京ホースレーシング,ダ,1800,114.20,4, 0.75
